/*
SQLyog Ultimate v10.00 Beta1
MySQL - 5.5.5-10.4.14-MariaDB : Database - petty_cash_db
*********************************************************************
*/

/*!40101 SET NAMES utf8 */;

/*!40101 SET SQL_MODE=''*/;

/*!40014 SET @OLD_UNIQUE_CHECKS=@@UNIQUE_CHECKS, UNIQUE_CHECKS=0 */;
/*!40014 SET @OLD_FOREIGN_KEY_CHECKS=@@FOREIGN_KEY_CHECKS, FOREIGN_KEY_CHECKS=0 */;
/*!40101 SET @OLD_SQL_MODE=@@SQL_MODE, SQL_MODE='NO_AUTO_VALUE_ON_ZERO' */;
/*!40111 SET @OLD_SQL_NOTES=@@SQL_NOTES, SQL_NOTES=0 */;
CREATE DATABASE /*!32312 IF NOT EXISTS*/`petty_cash_db` /*!40100 DEFAULT CHARACTER SET utf8mb4 */;

USE `petty_cash_db`;

/*Table structure for table `account` */

DROP TABLE IF EXISTS `account`;

CREATE TABLE `account` (
  `account_id` int(11) NOT NULL AUTO_INCREMENT,
  `title` varchar(150) NOT NULL,
  PRIMARY KEY (`account_id`)
) ENGINE=InnoDB AUTO_INCREMENT=3 DEFAULT CHARSET=utf8mb4;

/*Data for the table `account` */

insert  into `account`(`account_id`,`title`) values (2,'ACCOUNT TITLE 1');

/*Table structure for table `cash_voucher` */

DROP TABLE IF EXISTS `cash_voucher`;

CREATE TABLE `cash_voucher` (
  `cv_id` int(10) NOT NULL,
  `voucher_no` varchar(50) NOT NULL,
  `requester` int(5) NOT NULL,
  `date` datetime NOT NULL,
  `status` varchar(20) NOT NULL,
  `created_by` int(3) NOT NULL,
  `created_at` datetime NOT NULL,
  `updated_by` int(11) NOT NULL,
  `updated_at` datetime NOT NULL,
  PRIMARY KEY (`cv_id`)
) ENGINE=InnoDB DEFAULT CHARSET=utf8mb4;

/*Data for the table `cash_voucher` */

/*Table structure for table `cash_voucher_items` */

DROP TABLE IF EXISTS `cash_voucher_items`;

CREATE TABLE `cash_voucher_items` (
  `cv_items_id` int(11) NOT NULL AUTO_INCREMENT,
  PRIMARY KEY (`cv_items_id`),
  CONSTRAINT `FK-CV-ID` FOREIGN KEY (`cv_items_id`) REFERENCES `cash_voucher` (`cv_id`) ON DELETE CASCADE ON UPDATE CASCADE
) ENGINE=InnoDB DEFAULT CHARSET=utf8mb4;

/*Data for the table `cash_voucher_items` */

/*Table structure for table `ci_users` */

DROP TABLE IF EXISTS `ci_users`;

CREATE TABLE `ci_users` (
  `user_id` int(11) NOT NULL AUTO_INCREMENT,
  `username` varchar(50) NOT NULL,
  `firstname` varchar(30) NOT NULL,
  `lastname` varchar(30) NOT NULL,
  `password` varchar(255) NOT NULL,
  `user_role` varchar(25) NOT NULL DEFAULT '-',
  `is_verify` tinyint(4) NOT NULL DEFAULT 1,
  `status` tinyint(4) NOT NULL DEFAULT 1,
  `sec_question` int(2) NOT NULL DEFAULT 0,
  `sec_answer` varchar(150) NOT NULL DEFAULT '-',
  `last_ip` varchar(30) NOT NULL DEFAULT '-',
  `created_by` int(3) NOT NULL,
  `created_at` datetime NOT NULL,
  `updated_by` int(3) NOT NULL,
  `updated_at` datetime NOT NULL,
  `image_src_filename` varchar(200) DEFAULT NULL,
  PRIMARY KEY (`user_id`)
) ENGINE=MyISAM AUTO_INCREMENT=10 DEFAULT CHARSET=utf8;

/*Data for the table `ci_users` */

insert  into `ci_users`(`user_id`,`username`,`firstname`,`lastname`,`password`,`user_role`,`is_verify`,`status`,`sec_question`,`sec_answer`,`last_ip`,`created_by`,`created_at`,`updated_by`,`updated_at`,`image_src_filename`) values (1,'admin','Arnel','Arellano','$2y$10$lD0LVsgPNQ.OceLENDlZgOqxCBxsQsDyOyBBB12hfNUiis7Gc5.gW','Admin',1,1,1,'aaebf4de9a2bb59aca378fdc25b6ee2d','::1',1,'2022-10-16 18:18:05',1,'2022-12-09 11:56:19','1670558179_451e34c9ce15671afc4e.jpg'),(2,'user','user','user','b5b73fae0d87d8b4e2573105f8fbe7bc','User',1,1,0,'2','',1,'2022-11-22 20:04:33',1,'2022-11-22 20:04:33',NULL),(3,'user2','user first','user','b889a8241bd8519769c339d31c9b1e15','Accountant',1,1,1,'41e0b03f95738c8b1b2749f6a1ffc7e4','::1',1,'2022-12-07 09:56:04',1,'2022-12-07 09:56:04',NULL),(8,'add_user','add_user','add_user','$2y$10$2W4/GKlmt3PpntGjkcqvV.IyPpWEUAibpUEucujL16lhXHyJcRm6i','User',1,1,1,'add_user','::1',1,'2022-12-08 18:29:43',1,'2022-12-08 18:56:15','1670496975_49d4755758bb1bcbcbb3.png'),(9,'superadmin','superadmin upppp','superadmin uppp','$2y$10$Vg9fIufUSvuyoTdzcPcfQe/ikluP3rUbvTMETu1pWlrUX/Wb.Yqum','Accountant',1,1,1,'tae','::1',1,'2022-12-08 18:37:30',1,'2022-12-08 19:08:35','1670496419_b521fa8613d01ca7e981.jpg');

/*Table structure for table `company` */

DROP TABLE IF EXISTS `company`;

CREATE TABLE `company` (
  `company_id` int(11) NOT NULL AUTO_INCREMENT,
  `company_name` varchar(50) NOT NULL,
  PRIMARY KEY (`company_id`)
) ENGINE=InnoDB AUTO_INCREMENT=5 DEFAULT CHARSET=latin1;

/*Data for the table `company` */

insert  into `company`(`company_id`,`company_name`) values (1,'Sweetchoice Direct'),(2,'Sweetchoice Agency');

/*Table structure for table `configuration` */

DROP TABLE IF EXISTS `configuration`;

CREATE TABLE `configuration` (
  `id` int(11) NOT NULL AUTO_INCREMENT,
  `basic_salary` float NOT NULL,
  `ot_rate` float NOT NULL,
  `cola` float NOT NULL,
  `phic` float NOT NULL,
  `pagibig` float NOT NULL,
  `pagibig2` float DEFAULT NULL,
  `pagibig3` float DEFAULT NULL,
  `time_in` varchar(10) DEFAULT NULL,
  `time_out` varchar(10) DEFAULT NULL,
  PRIMARY KEY (`id`)
) ENGINE=InnoDB AUTO_INCREMENT=43 DEFAULT CHARSET=latin1;

/*Data for the table `configuration` */

insert  into `configuration`(`id`,`basic_salary`,`ot_rate`,`cola`,`phic`,`pagibig`,`pagibig2`,`pagibig3`,`time_in`,`time_out`) values (1,537,83.91,0,0.03,100,0.02,0.01,'07:30','16:30');

/*Table structure for table `department` */

DROP TABLE IF EXISTS `department`;

CREATE TABLE `department` (
  `dept_id` int(11) NOT NULL AUTO_INCREMENT,
  `dept_name` varchar(50) NOT NULL,
  PRIMARY KEY (`dept_id`)
) ENGINE=InnoDB AUTO_INCREMENT=13 DEFAULT CHARSET=latin1;

/*Data for the table `department` */

insert  into `department`(`dept_id`,`dept_name`) values (1,'Admin IT'),(2,'Admin HR'),(3,'Marketing'),(4,'Accounting'),(5,'DB Accounting'),(6,'Key Accounts(Supermarket)'),(7,'Admin General Services'),(8,'Creative Department'),(9,'K-Residence'),(10,'M-Residence');

/*Table structure for table `employee` */

DROP TABLE IF EXISTS `employee`;

CREATE TABLE `employee` (
  `employee_id` int(11) NOT NULL AUTO_INCREMENT,
  `id_no` varchar(25) DEFAULT NULL,
  `last_name` varchar(50) DEFAULT NULL,
  `first_name` varchar(50) DEFAULT NULL,
  `middle_name` varchar(50) DEFAULT NULL,
  `present_address` varchar(150) DEFAULT NULL,
  `permanent_address` varchar(150) DEFAULT NULL,
  `birthday` date DEFAULT NULL,
  `gender` varchar(20) DEFAULT NULL,
  `civil_status` varchar(25) DEFAULT NULL,
  `contact_number` varchar(25) DEFAULT NULL,
  `sss` varchar(25) DEFAULT NULL,
  `department` int(11) DEFAULT NULL,
  `date_hired` date DEFAULT NULL,
  `employment_status` varchar(25) DEFAULT NULL,
  `employee_rank` varchar(10) DEFAULT NULL,
  `date_of_separation` date DEFAULT NULL,
  `phic` varchar(25) DEFAULT NULL,
  `hdmf` varchar(25) DEFAULT NULL,
  `tin` varchar(25) DEFAULT NULL,
  `educational_attainment` varchar(150) DEFAULT NULL,
  `e_contact_person` varchar(50) DEFAULT NULL,
  `e_address` varchar(150) DEFAULT NULL,
  `e_contact_no` varchar(25) DEFAULT NULL,
  `company` int(11) DEFAULT NULL,
  `position` varchar(50) DEFAULT NULL,
  `created_by` varchar(25) DEFAULT NULL,
  `created_at` datetime DEFAULT NULL,
  `updated_by` varchar(25) DEFAULT NULL,
  `updated_at` datetime DEFAULT NULL,
  `image_src_filename` varchar(200) DEFAULT NULL,
  `image_web_filename` varchar(200) DEFAULT NULL,
  `full_name` varchar(80) DEFAULT NULL,
  PRIMARY KEY (`employee_id`),
  UNIQUE KEY `id_no` (`id_no`),
  KEY `employment_status` (`employment_status`),
  KEY `department` (`department`),
  KEY `company` (`company`)
) ENGINE=InnoDB AUTO_INCREMENT=194 DEFAULT CHARSET=latin1;

/*Data for the table `employee` */

insert  into `employee`(`employee_id`,`id_no`,`last_name`,`first_name`,`middle_name`,`present_address`,`permanent_address`,`birthday`,`gender`,`civil_status`,`contact_number`,`sss`,`department`,`date_hired`,`employment_status`,`employee_rank`,`date_of_separation`,`phic`,`hdmf`,`tin`,`educational_attainment`,`e_contact_person`,`e_address`,`e_contact_no`,`company`,`position`,`created_by`,`created_at`,`updated_by`,`updated_at`,`image_src_filename`,`image_web_filename`,`full_name`) values (1,'SC 00917-0152','MAHINAY','SHENALYN','PAMPANGA','742 TAGUMPAY SAN ANTONIO CAVITE CITY','742 TAGUMPAY SAN ANTONIO CAVITE CITY','1992-09-17','Female','1','0923 815 0191','34-3870157-0',2,'2016-06-03','1','3','0000-00-00','08-051307199-5','1210-9285-2905','314-358-588','BACHELOR OF SCIENCE IN BUSINESS ADMINISTRATION MAJOR IN HUMAN RESOURCE DEVELOPMENT MANAGEMENT','NAPOLEON MAHINAY','2535 M SANTOS ST STA CRUZ CAVITE CITY','0923-281-2843',1,'HR STAFF','1','0000-00-00 00:00:00','3','2020-01-17 07:32:48',NULL,'','MAHINAY, SHENALYN'),(2,'SC 01220-0131','ESQUILA','REXIE','ROMERO','459 NBBN NAVOTAS CITY','CAWIT EXT MAGALLANES SORSOGON ','1982-12-20','Male','3','0932-375-2925','33-8948264-7',9,'2015-06-01','1','3','0000-00-00','02-050198164-9','1080-0123-1055','301-679-480','BS CCOUNTANCY','MARISSA  Y. ESQUILA','459 NBBN NAVOTAS CITY','09391628177/09956815724',1,'K-RES SUPERVISOR','1','0000-00-00 00:00:00','1','2020-04-17 10:35:15','5df8659c590ac.jpg','30ylUuEcdoXHInzM_VLw6_u5s6JeKFv0.jpg','ESQUILA, REXIE'),(3,'SC 00321-0156','NAVA','LIANN ALEXIS','CO','LOT 18 BLK 249 ZONE 13 SAMPAGUITA EXT ST PEMBO MAKATI CITY','~','1996-03-21','Female','1','0916-719-8090','34-5643982-4',4,'2016-08-22','3','4','0000-00-00','01-052187538-6','1211-7822-9722','330-829-050','~','EDELMARIE','LOT 18 BLK 249 ZONE 13 SAMPAGUITA EXT ST PEMBO MAKATI CITY','0919-335-1824',1,'ACCOUNTING STAFF','1','0000-00-00 00:00:00','1','2019-12-17 03:29:37','','','NAVA, LIANN ALEXIS'),(4,'I0119','LUBRICO','IRIS LENORE','GARDE','BLK 89 LOT 3 PASCUA ST BGY RIZAL MAKATI CITY','GUIMBAL ILOILO','1986-01-19','Female','1','0915-624-3208','07-2362481-5',6,'2016-08-23','3','4','0000-00-00','11-050322120-9','1210-7289-7581','257-001-904','BS EDUCATION MAJOR IN TLE','BERNADTTE LUBRICO','BLK 89 LOT 3 PASCUA ST BGY RIZAL MAKATI CITY','0936-242-8702',1,'OFFICE STAFF','1','0000-00-00 00:00:00','1','2019-12-17 03:29:45','','','LUBRICO, IRIS LENORE'),(5,'SC 00601-0129','LO','CRYSTAL ANNE','JACKSON','401 CHITA CO, 1053 CARMEN PLANAS, TONDO, MANILA','N/A','1991-06-01','Female','1','0942-614-2056','34-2484504-2',5,'2014-11-08','1','4','0000-00-00','01-051562321-9','1210-6477-3481','422-907-164','BACHELOR OF SCIENCE IN HOTEL AND RESTAURANT MANAGEMENT','NILDA JACKSON LO','401 CHITA CO, 1053 CARMEN PLANAS, TONDO, MANILA','0995-127-7991',1,'DB STAFF','1','0000-00-00 00:00:00','1','2019-12-17 06:21:07','5df865c356fb1.jpg','7yrJ1qVWTq6TKaGQum52sT5mceGb_IV_.jpg','LO, CRYSTAL ANNE'),(6,'SC 00406-0135','ABAYAN','NEZYVEL','BACAYCAY','St. Francis St. San Antonio Valley, Brgy. Moonwalk, Parañaque City','TIGBAWAN PARANAS SAMAR','1991-04-06','Female','1','09127582863','06-3560294-1',6,'2015-09-21','1','4','0000-00-00','13-025228964-0','1211-2631-8673','461-616-596','BS ELECRONICS AND COMMUNICATION ENGINEERING','~','~','~',1,'OFFICE STAFF','1','0000-00-00 00:00:00','1','2022-12-08 18:42:40','1670496154_215b6dfa919aab6f0499.jpg','YK60EAynZArRHPSy8wu-_XYQ3x8kohsL.jpg','ABAYAN, NEZYVEL'),(7,'SC 00628-0117','ADRIANO','RICZHEEL','COREA','~','BLK 2 LOT 9 RAFAELA HOMES I MAKINABANG BALIUAG BULACAN','1983-06-28','Male','4','09209675536','33-8207606-3',3,'2009-04-14','1','2','0000-00-00','03-050390815-4','1211-1290-0465','258-309-945','BS COMPUTER SCIENCE','MARY ANN O. ADRIANO','IMUS CAVITE','09397119960',1,'DB SPECIALIST','1','0000-00-00 00:00:00','1','2020-09-12 08:10:37',NULL,'Gip21tUanG74FKefWYcD7ryFeCxap-We.jpg','ADRIANO, RICZHEEL'),(8,'M0909','ALCANTARA','MARIA CONCEPCION','NAZARENO','~','BRGY BANJO WEST TANAUAN CITY BATANGAS','1989-09-09','Female','1','0947-980-6846','04-1803786-9',2,'2016-10-03','3','4','0000-00-00','08-051152426-5','1210-3510-9627','945-724-290','BS PSYCHOLOGY','VILMA V ALCANTARA','BRGY BANJO WEST TANAUAN CITY BATANGAS','0908-511-2438',1,'HR RECRUITMENT SPECIALIST','1','0000-00-00 00:00:00','1','2019-12-17 03:30:09','','','ALCANTARA, MARIA CONCEPCION'),(9,'SC 00516-0105','ALMONACID','WALTER','ESPADERO','1271 TAYUMAN ST. BGY. 301, TONDO, MANILA','BRGY. LARAP. JOSE PANG. CAM. NORTE','1973-05-16','Male','4','09229186062','33-3463564-3',6,'2006-10-01','1','4','0000-00-00','19-090101039-4','1050-0054-5576','226-690-866','HIGH SCHOOL GRADUATE','LENIE D. ALMONACID','1271 TAYUMAN ST. BGY. 301, TONDO, MANILA','09067340580',1,'COORDINATOR','1','0000-00-00 00:00:00','1','2019-12-17 06:22:53','5df8662d2ea5b.jpg','UYPaaW9bEIk4WsyphG6g0Pd3GUnC2tUQ.jpg','ALMONACID, WALTER'),(10,'SC 00208-0115','BAUZON','MYLENE','ALCAZAREN','1032 KABATUHAN ST. MAPULANG LUPA, VALENZUELA CITY','~','1984-02-08','Female','1','09994572950','33-9894880-0',9,'2008-02-20','1','3','0000-00-00','02-050421518-1','1050-0057-6060','258-010-532','BS INFORMATION TECHNOLOGY','GUILLERMO BAUZON','BLK 6 LOT 30, PHASE 1 VILLA BARRETO CANUMAY WEST VALENZUELA','09322925783/09475286029',1,'K-RES SUPERVISOR','1','0000-00-00 00:00:00','1','2020-02-05 02:15:06',NULL,'','BAUZON, MYLENE'),(11,'M0326','SABALLA','MICHELLE JOY','AGUSTIN=BIGGAYAN','RM 3B 2508 P. VILLANUEVA STREET, BRGY. 89, PASAY CITY','112 GUIMMAYEN STREET, SANTA FILOMENA, ABULUG, CAGAYAN','1990-03-26','Female','4','0927 235 0164','04-2284873-0',3,'2020-05-05','2','4','0000-00-00','01-051975839-9','1211-5211-0898','323-782-178','BACHELOR OF ARTS IN LEGAL MANAGEMENT','~','~','~',1,'MARKETING STAFF','1','0000-00-00 00:00:00','1','2020-09-12 13:00:57','','','SABALLA, MICHELLE JOY'),(12,'SC 01204-0111','BLANCAFLOR JR','BENJAMIN','BRIONES','179C. GAWARAN ST. DIGMAN, BACOOR, CAVITE','~','1979-12-04','Male','4','09322224190','33-5364255-2',3,'2006-10-03','1','4','0000-00-00','19-089574506-9','1050-0054-5631','236-595-607','~','JENNIFER G. BLANCAFLOR','179C. GAWARAN ST. DIGMAN, BACOOR, CAVITE','09322224190',1,'DB SPECIALIST','1','0000-00-00 00:00:00','3','2020-09-12 09:16:15','5df8665e5303b.jpg','5x7a-amIs3lxZS3JDcYrUYSBf7Iz74b6.jpg','BLANCAFLOR JR, BENJAMIN'),(13,'D0918','CAMAÑA','DAWN ROXANNE','RAMIREZ','~','~','1988-09-18','Female','1','~','34-2627357-3',9,'2020-01-13','2','4','0000-00-00','08-051163184-3','1210-1979-4390','311-581-727','~','~','~','~',1,'AUDIT STAFF','1','0000-00-00 00:00:00','1','2020-09-12 14:33:54','5df8667c3b50b.jpg','-lBrOzefaXakfo7cWn2AtDNUPqzth-XT.jpg','CAMAÑA, DAWN ROXANNE'),(14,'SC 01113-0110','CAMMAGAY','MATEO','BALACANAO','186 B. SOUTH, DAANG HARI, TAGUIG CITY','~','1975-11-13','Male','1','09195888758','33-4150228-0',6,'2006-10-01','1','4','0000-00-00','19-089094515-9','1050-0054-5642','194-887-805','~','PAUL CAMMAGAY','186 B. SOUTH, DAANG HARI, TAGUIG CITY','09286286935',1,'COORDINATOR','1','0000-00-00 00:00:00','1','2019-12-17 06:25:29','5df866c91e2dc.jpg','lAS4tkgFQarPJ2nmjiCmMlV0uy0Ye_za.jpg','CAMMAGAY, MATEO'),(15,'SC 01025-0126','CHAM','ADRAINE LOIS','CHING','1296 MASANGKAY ST. STA. CRUZ, MANILA','~','1993-10-25','Female','1','09228672131','34-4437098-2',5,'2014-04-01','1','4','0000-00-00','01-051864601-5','1211-1474-7632','450-142-559','BACHELOR OF SCIENCE MAJOR IN ACCOUNTANCY','ANICETO KO CHAM','1296 MASANGKAY ST. STA. CRUZ, MANILA','09434925468',1,'DB ACCOUNTING STAFF','1','0000-00-00 00:00:00','1','2019-12-17 06:25:41','5df866d5a8b22.jpg','czjlR4YrIfOtXOTFq0R4XLcbvFceez1A.jpg','CHAM, ADRAINE LOIS'),(16,'SC 00912-0151','COLANTA','MARICAR','AUDES','~','~','1983-09-12','Female','1','~','33-8500407-4',6,'2016-04-07','3','4','0000-00-00','19-090175575-6','1210-9952-9331','227-468-486','~','~','~','~',1,'OFFICE STAFF','1','0000-00-00 00:00:00','1','2019-12-17 06:26:33','5df867094ec61.jpg','4dW66AQQXzFI68-yGcyphEtexO47w4L0.jpg','COLANTA, MARICAR'),(17,'SC 01112-0108','DAÑEZ','CATHERINE','BACCOL','F19 BANGUS ST PH 1 RESIDENTIAL KAPITBAHAYAN DAGT-DAGATAN NAVOTAS','BRGY PAGSA-OGAN PARANAS WRIGHT SAMAR','1982-11-12','Female','4','0920-967-5532','33-7424883-8',3,'2006-10-01','1','2','0000-00-00','02-050316838-4','1050-0054-5598','211-175-319','BS BUSINESS ECONOMICS','ROSEMARIE BACCOL','F19 BANGUS ST PH 1 RESIDENTIAL KAPITBAHAYAN DAGT-DAGATAN NAVOTAS','0933-150-5884',1,'TRADE  MARKETING SUPERVISOR','1','0000-00-00 00:00:00','3','2020-09-11 15:52:00','5df867215697c.jpg','_PWD4uIpXsvSrIraJYYC8A6ogT_NJ6cx.jpg','DAÑEZ, CATHERINE'),(18,'SC 01003-0112','DEL ROSARIO','JEFFREY','SERRANO','52 WEST, BUCOT, ALIAGA, NUEVA ECIJA','~','1982-10-03','Male','1','~','33-6156959-1',3,'2006-10-04','1','3','0000-00-00','19-090188745-8','1050-0054-5698','232-822-310','~','RIA DEL ROSARIO','#06 SITIO BALOT TONSUYA, MALABON CITY','09439942602',1,'DB SPECIALIST','1','0000-00-00 00:00:00','1','2020-09-12 09:23:44','5df867474a68a.jpg','uijqTTpIS_XY-ifeI0onnaJrAj1l6YyC.jpg','DEL ROSARIO, JEFFREY'),(19,'SC 00406-0116','DONOGA','RAQUEL','ODVINA','BLK 15 LOT 17 PHASE 2 WELLINGTON, TANZA, CAVITE','~','1984-04-06','Female','1','09122398251','33-7880610-8',4,'2008-06-08','1','3','0000-00-00','02-050421520-3','1050-0058-7950','231-977-471','COMPUTER SCIENCE','ELEONITA DONOGA','BLK 15 LOT 17 PHASE 2 WELLINGTON, TANZA, CAVITE','09175688661',1,'ACCOUNTING SUPERVISOR','1','0000-00-00 00:00:00','1','2019-12-17 06:27:56','5df8675c5355b.jpg','9prWG8ZhHeP0_FE0ItZcdKOp_7Sh95mo.jpg','DONOGA, RAQUEL'),(20,'SC 01104-0109','ESPINAS','ERIC','REMPILLO','1096 RIVERSIDE ST. UNIT IV COMMONWEALTH, QUEZON CITY','~','1972-11-04','Male','4','09229186061','33-2017415-0',6,'2015-11-30','1','4','0000-00-00','19-090096366-5','1050-0054-5719','197-051-924','HIGH SCHOOL GRADUATE','NELIA D. ESPINAS','1079RIVERSIDE ST. UNIT IV COMMONWEALTH, QUEZON CITY','09321737464',1,'COORDINATOR','1','0000-00-00 00:00:00','1','2019-12-17 06:28:24','5df86778e494e.jpg','N6OoCEYiLtpYimuWuXxbCkAnEaFu2fQi.jpg','ESPINAS, ERIC'),(21,'SC 00713-0128','GAVERIA','JUDILYN','ESQUIVEL','37A ST. MARY, E. RODRIGUEZ, CUBAO, QUEZON CITY','BUYOAN LEGAZPI CITY, ALBAY','1989-07-13','Female','1','09486151500','05-0876315-3',6,'2014-07-25','1','4','0000-00-00','10-050164467-0','1211-2318-2438','311-568-593','BACHELOR OF SCIENCE IN COMPUTER SCIENCE','NANET E. GAVERIA','37A ST. MARY, E. RODRIGUEZ, CUBAO, QUEZON CITY','09461103688',1,'SUPERMARKET  STAFF','1','0000-00-00 00:00:00','1','2019-12-17 06:29:44','5df867c8a4304.jpg','mzxDr31P-kPndn4gl5baKFTXw2pdJryk.jpg','GAVERIA, JUDILYN'),(22,'SC 00518-0137','GEALONE','MAY ANN','FERRER','~','~','1988-05-18','Female','1','~','07-2291999-0',3,'2015-09-23','3','4','0000-00-00','11-050300088-1','1211-1237-4837','005-073-564','~','~','~','~',1,'JUNIOR SALES SPECIALIST','1','0000-00-00 00:00:00','1','2019-12-17 06:30:28','5df867f4940cb.jpg','JyxL4MnwAAfO74BxF2O3D1kewCSPLBzx.jpg','GEALONE, MAY ANN'),(23,'SC 00106-0138','GO','MICHAELLE','CUNANAN','133 SAGIP ST. ARKONG BATO, VALENZUELA CITY','~','1980-01-06','Male','4','09365685025','33-4533152-5',3,'2015-10-01','1','4','0000-00-00','02-050276362-9','1090-0146-8103','222-024-693','COMPUTER SCIENCE','ROSALIE P. GO','133 SAGIP ST. ARKONG BATO, VALENZUELA CITY','09776409870',1,'DB SPECIALIST','1','0000-00-00 00:00:00','1','2020-09-12 09:23:58','5df8681a4e745.jpg','S2RKoj3ylb5eYNobhcsRIaCAcgZu8hIz.jpg','GO, MICHAELLE'),(24,'SC 00813-0139','JORCA','RYAN','DEMATA','~','~','1987-08-13','Female','1','~','07-2396618-8',3,'2015-10-01','3','4','0000-00-00','11-025381267-2','1211-0068-5232','440-327-318','~','~','~','~',1,'JUNIOR SPECIALIST','1','0000-00-00 00:00:00','1','2019-12-17 06:31:30','5df868325feec.jpg','jqZ2BOhw8tep0tU5wdHO-F7ooAp6tP5H.jpg','JORCA, RYAN'),(25,'SC 00121-0153','JUAN','HANN ZHEYNA','SAYOC','~','~','1992-01-21','Female','4','~','34-4436475-2',5,'2016-06-27','3','4','0000-00-00','08-025781095-3','1211-2032-1182','439-113-095','~','~','~','~',1,'EXECUTIVE ASSISTANT','1','0000-00-00 00:00:00','1','2019-12-17 03:32:40','','','JUAN, HANN ZHEYNA'),(26,'SC 00523-0123','KUA','DANIEL ANGELO','DEPANTE','629 PADRE HERRERA STREET, TONDO, MANILA','N/A','1989-05-23','Male','1','0917 518 9816','34-2555580-7',1,'2012-08-31','1','3','0000-00-00','02-025529245-6','1210-4070-8345','310-108-198','BACHELOR OF SCIENCE IN INFORMATION TECHNOLOGY','TERESITA KUA','629 PADRE HERRERA STREET, TONDO, MANILA','0917 590 9008',1,'IT STAFF','1','0000-00-00 00:00:00','1','2019-12-17 06:31:49','5df8684542be3.jpg','ttcijP9_8vq33SwPR97HVIe544F9TwCn.jpg','KUA, DANIEL ANGELO'),(27,'SC 01011-0120','MIRANDA','ANN MARGARETTE','MACABENTA','1315 INT. 15 MASANGKAY ST. STA. CRUZ, MANILA\r\n','N/A','1990-11-18','Female','1','~','34-2630531-5',5,'2015-11-27','1','3','0000-00-00','09-225612270-4','1211-6850-5902','407-982-743','BACHELOR OF SCIENCE IN COMMERCE MAJOR IN MANAGEMENT','CRISTINA MIRANDA','163 SANCHEZ STREET, BINONDO, MANILA CITY','0998 567 7581',1,'DB ACCOUNTING SUPERVISOR','1','0000-00-00 00:00:00','1','2020-01-10 06:31:30',NULL,'NbDz_WutD0ugBxNgbNorA7YS7tteYqjJ.jpg','MIRANDA, ANN MARGARETTE'),(28,'SC 01118-0140','MIRANDA','MARY ANNE','PEREGRINO','2346 SANTIAGO ST FORTUNE VILLAGE I GEN T. DE LEON VALENZUELA CITY','~','2016-11-18','Female','1','~','34-3741290-9',3,'2015-10-01','3','4','0000-00-00','01-051709528-7','1210-8871-1687','500-471-376','~','MARIEL MIRANDA','2346 SANTIAGO ST FORTUNE VILLAGE I GEN T. DE LEON VALENZUELA CITY','0975-728-2470',1,'MARKETING STAFF','1','0000-00-00 00:00:00','1','2019-12-17 06:33:25','5df868a51d518.jpg','-hTi7A_royD-fDcqKNV0NPqHNJxTnxBK.jpg','MIRANDA, MARY ANNE'),(29,'SC 00713-0146','MORADOS','TRIXIE JANINE','PINCA','9 IPIL IPIL STREET, SAPAMANAI, FAIRVIEW, QUEZON CITY','N/A','1995-07-13','Female','1','~','34-3685995-8',6,'2016-01-06','1','4','0000-00-00','02-026120829-7','1211-4779-0748','325-336-960','DIPLOMA IN EECTRONICS COMMUNICATION ENGINEERING MANAGMENT TECHNOLOGY','NORILYN MORADOS','9 IPIL IPIL STREET, SAPAMANAI, FAIRVIEW, QUEZON CITY','0906 694 2221',1,'KEY ACCOUNTS EXECUTIVE','1','0000-00-00 00:00:00','1','2019-12-17 06:34:22','5df868dee62c3.jpg','oZw9gzVXhzy3vzaoLm5lo15Cr_D-PcuF.jpg','MORADOS, TRIXIE JANINE'),(30,'SC 00713-0107','ONGKIT','MAILENE','CAÑEDA-COSTELO','~','~','1979-12-13','Female','4','~','33-9250397-9',3,'2005-06-04','1','2','0000-00-00','03-050075307-9','1050-0054-5798','237-179-628','BACHELOR OF SCIENCE IN FORESTRY','~','~','~',1,'TRADE MARKETING SUPERVISOR','1','0000-00-00 00:00:00','1','2019-12-17 06:35:25','5df8691dbd14b.jpg','pDXSwNPb0vdtKRiY_9vmFQHfTDfhMWv-.jpg','ONGKIT, MAILENE'),(31,'SC 00626-0150','PADRE','MHERYNOL','LUMOT','2210 CINCO DE JUNIO ST. PASAY CITY \r\n','PUROK 7 ANNAFUNAN ECHAGUE, ISABELA','1995-06-26','Female','1','0950 191 1213','01-2221027-3',3,'2016-03-01','3','4','0000-00-00','06-025181103-5','1211-0914-0309','500-190-908','BACHELOR OF SCIENCE IN BUSINESS ADMINISTRATION MAJOR IN HUMAN RESOURCE DEVELOPMENT MANAGEMENT','NOLI PADRE','PUROK 7 ANNAFUNAN ECHAGUE, ISABELA','0918 455 3678',1,'MARKETING STAFF','1','0000-00-00 00:00:00','1','2020-01-03 06:56:28',NULL,'r7HdpXnWgGf_ptay7wzQKhRkfoSo-frn.jpg','PADRE, MHERYNOL'),(32,'SC 00724-0145','PALLERA','ANA MARIA','OLEDAN','~','~','1965-07-24','Female','4','~','03-8336504-8',4,'2016-03-01','3','4','0000-00-00','08-050106999-3','1211-6570-6573','101-941-235','~','~','~','~',1,'ACCOUNTING COMPENBEN SUPERVISOR','1','0000-00-00 00:00:00','1','2019-12-17 03:37:55','','','PALLERA, ANA MARIA'),(33,'SC 01114-0106','POROL','ALBERT','PONCE','FROILANO DRIVE, BRGY. CULIANAN, ZAMBONGA CITY, ZAMBOANGA DEL SUR\r\n','FROILANO DRIVE, BRGY. CULIANAN, ZAMBONGA CITY, ZAMBOANGA DEL SUR\r\n','1965-11-14','Male','4','0935-302-9320','09-1118477-2',3,'2006-10-07','1','2','0000-00-00','19-051290852-0','1050-0054-5807','115-537-313','BACHELOR OF SCIENCE IN COMMERCE','ROSAVELIA POROL','FROILANO DRIVE, BRGY. CULIANAN, ZAMBONGA CITY, ZAMBOANGA DEL SUR','0918 517 5449',1,'SPECIALIST','1','0000-00-00 00:00:00','1','2019-12-17 06:40:50','5df86a621630f.jpg','eKknAUJSZe-ZDssLagicAx8QezGsYyeI.jpg','POROL, ALBERT'),(34,'SC 00319-0127','QUILAPIO','MYRA NECY','BACARRA','~','~','1990-03-19','Female','1','~','34-2893383-7',6,'2014-07-01','3','4','0000-00-00','03-051033795-2','1211-2283-0547','455-025-972','~','~','~','~',1,'KEY ACCOUNTS EXECUTIVE','1','0000-00-00 00:00:00','1','2019-12-17 06:41:28','5df86a8834e11.jpg','OfaHfPCjkDWPLdIysg-sUaJxslQWgmIN.jpg','QUILAPIO, MYRA NECY'),(35,'SC 00321-0103','SAB','EDWIN','MURILLO','BLK 15 LOT 15 GREENPLACE HOME 2, MALAGASANG 2-A, IMUS, CAVITE','N/A','1970-03-21','Male','4','0920 967 5529','33-3948175-3',3,'2000-02-02','1','4','0000-00-00','19-089095305-4','1050-0054-5842','179-318-806','~','~','~','~',1,'DB SPECIALIST','1','0000-00-00 00:00:00','1','2020-09-12 08:15:40',NULL,'606ZnxUNWU7E40hpaB7muXPcKfSv3L1q.jpg','SAB, EDWIN'),(36,'SC 00502-0143','SALAC','MHICA MARIE','ALMENIANA','2797 M. FRILLES STREET, GAGALANGIN, TONDO, MANILA','N/A','1993-05-02','Female','1','0916 196 6827','34-5164151-0',3,'2015-10-26','3','4','0000-00-00','02-026500821-7','1211-4508-8150','323-780-788','BACHELOR IN ADVERTISING AND PUBLIC RELATION','ANGELICA MARIE SALAC','2797 M. FRILLES STREET, GAGALANGIN, TONDO, MANILA','0905 694 7748',1,'MARKETING STAFF','1','0000-00-00 00:00:00','1','2020-01-10 03:53:26',NULL,'5GC4IsjkGGxl_V3sK9Nt657SoSrYVOAD.jpg','SALAC, MHICA MARIE'),(37,'SC 00910-0121','SALVADOR','ANGELA','CASTRO','~','~','1990-09-10','Female','1','~','34-2778219-9',9,'2011-10-11','1','2','0000-00-00','19-088762609-3','1211-7151-9334','269-367-175','BACHELOR OF SCIENCE IN BUSINESS ADMINISTRATION MAJOR IN ENTREPRENEURSHIP','~','~','~',1,'K-RES SUPERVISOR','1','0000-00-00 00:00:00','1','2020-02-05 02:15:18','5df86b3e32d6c.jpg','8EPm5WBqXIMJV24M1_Om8mC8lEVdOX2a.jpg','SALVADOR, ANGELA'),(38,'SC 01029-0148','SANDOVAL','MA. CRISTINA','ROSANTO','~','~','1987-10-29','Female','2','~','34-0587815-1',6,'2016-02-22','3','4','0000-00-00','01-050823127-5','1210-5599-7462','289-490-416','~','~','~','~',1,'OFFICE STAFF','1','0000-00-00 00:00:00','1','2019-12-17 06:45:26','5df86b768b69a.jpg','To5nuXPi0h0mH9vn05a6eZqww9d689Yf.jpg','SANDOVAL, MA. CRISTINA'),(39,'SC 00124-0122','SANTIAGO JR','PEPITO ','DEL ROSARIO','157 DAVID STREET, F. B. HARRISSON, PASAY CITY','MANAOAG, PANGASINAN','1975-01-24','Male','4','~','02-1484307-9',7,'2012-02-01','1','4','0000-00-00','23-002925268-3','1211-5281-4270','901-700-808','REFRIGERATION AIRCON TECHNICIAN','ROSALIA SANTIAGO','157 DAVID STREET, F. B. HARRISSON, PASAY CITY','0926 206 0371',1,'BUILDING MAINTENANCE','1','0000-00-00 00:00:00','1','2019-12-17 06:46:04','5df86b9cce9b5.jpg','rjsN1df3Tq2XgRA0FrFk26S0F-3ima-U.jpg','SANTIAGO JR, PEPITO '),(40,'SC 01224-0125','SARENGO','CRISELLE','NICOLAS','~','~','1988-12-24','Female','1','~','34-2119734-0',3,'2013-11-18','3','4','0000-00-00','01-051079806-1','1211-4273-3686','406-719-033','~','~','~','~',1,'MARKETING STAFF','1','0000-00-00 00:00:00','1','2019-12-17 06:46:23','5df86baf8c973.jpg','wimEzteiflJXAGaEebYDvwJC8WxjKO9-.jpg','SARENGO, CRISELLE'),(41,'SC 00710-0130','SIMBULAN','MELISSA','PARUNGAO','~','~','1986-07-10','Female','1','~','34-1578034-9',3,'2015-01-26','3','4','0000-00-00','07-050718208-7','1210-7258-8438','287-080-282','~','~','~','~',1,'JUNIOR SPECIALIST','1','0000-00-00 00:00:00','1','2019-12-17 06:46:59','5df86bd32acaf.jpg','T-5tdeInsAeDqOt5NKCyx6GrjwBzhjfe.jpg','SIMBULAN, MELISSA'),(42,'SC 01104-0102','SORILLA','JOSEPH','LLENAS','23 NABUHAY STREET, BRGY. CALDAZA, TIPAZ, TAGUIG CITY','~','1972-11-04','Male','4','~','33-3880729-9',7,'1999-06-14','1','4','0000-00-00','19-089095032-2','1050-0054-5853','904-404-710','INDUSTRIAL ELECTRONICS TECHNICIAN','MARGIE SORILLA','23 NABUHAY STREET, BRGY. CALDAZA, TIPAZ, TAGUIG CITY','0919 859 9899',1,'MESSENGER','1','0000-00-00 00:00:00','1','2019-12-17 06:47:26','5df86bee3e8b8.jpg','nL9fy5Ik53aAZFh50VKGfs1IiO1QfTxv.jpg','SORILLA, JOSEPH'),(43,'SC 00117-0104','TORRES','RAMCEL','MENDOZA','430 BUCANDALA 2, IMUS, CAVITE','N/A','1971-01-17','Male','4','~','04-0818476-4',3,'2000-06-09','1','3','0000-00-00','19-090100277-4','1050-0054-5865','156-107-042','AUTOMOTIVE','NADEN TORRES','430 BUCANDALA 2, IMUS, CAVITE','0933 563 0088',1,'DB SPECIALIST','1','0000-00-00 00:00:00','1','2019-12-17 06:47:44','5df86c00579fc.jpg','HUyil1tSm9JZRwIFqJTPl3C5heANwZ7r.jpg','TORRES, RAMCEL'),(44,'SC 01121-0149','TRAJANO','NELCHIE','DELLEZO','~','~','1991-11-21','Female','1','~','34-3341023-5',6,'2016-03-07','3','4','0000-00-00','03-051043330-7','1211-5246-5730','421-046-379','~','~','~','~',1,'OFFICE STAFF','1','0000-00-00 00:00:00','1','2019-12-17 06:48:07','5df86c1764075.jpg','b2Iof4k9u_yKbYXggVtZlKXkYEg0pOP8.jpg','TRAJANO, NELCHIE'),(45,'SC 00910-0114','UBALES','EMILYN','FIRMA','~','~','1987-09-10','Female','4','~','34-0532513-8',3,'2007-07-10','3','4','0000-00-00','02-050421524-6','1050-0055-6832','252-949-482','~','~','~','~',1,'TRADE MARKETING SUPERVISOR','1','0000-00-00 00:00:00','1','2019-12-17 06:48:33','5df86c3188414.jpg','FvAfycdnck-GeqfpQ-Wn5X6WdM2S6RWK.jpg','UBALES, EMILYN'),(46,'SC 00929-0147','VITANCOR','PRIMROSE','SARACANLAO','303 SAMPALOC ST. CEMBO, MAKATI CITY\r\n','N/A','1993-09-29','Female','1','N/A','34-3195730-5',3,'2016-02-08','1','4','0000-00-00','01-025568413-8','1211-0785-6494','326-235-077','BACHELOR OF SCIENCE IN MARKETING','DIANA VITANCOR','456 ROAD 2 PILDERA  NAIA, PASAY CITY','0912 546 7445',1,'MARKETING STAFF','1','0000-00-00 00:00:00','1','2019-12-17 06:49:12','5df86c5804036.jpg','dnBIYiIsctS5NchatnM-3KFAenrNWy5v.jpg','VITANCOR, PRIMROSE'),(47,'SC 00417-0118','WONG','MA. KRISTINA','ENOY','1459 FUGOSO ST. STA. CRUZ, MANILA\r\n','N/A','1989-04-17','Female','1','N/A','34-2036629-5',5,'2010-06-02','1','2','0000-00-00','02-050604018-4','1210-0545-5952','293-820-201','BACHELOR OF SCIENCE IN COMMERCE MAJOR IN MARKETING','N/A','N/A','N/A',1,'DB ACCOUNTING SUPERVISOR','1','0000-00-00 00:00:00','1','2019-12-17 06:51:18','5df86cd62f903.jpg','71VtSOA8dPtvneWY4BaFhllOtKCq1IQF.jpg','WONG, MA. KRISTINA'),(48,'SC 00408-0141','YBAÑEZ','MICHAEL VINCENT','CANOY','PUROK 8 RELOCATION, DOONGAN, BUTUAN CITY, AGUSAN DEL NORTE','PUROK 8 RELOCATION, DOONGAN, BUTUAN CITY, AGUSAN DEL NORTE','1978-04-08','Male','1','N/A','09-1887863-8',3,'2015-10-01','3','4','0000-00-00','15-050118339-5','1820-0046-9404','326-879-886','CERTIFICATE IN FOREST RANGER','N/A','N/A','N/A',1,'JUNIOR SPECIALIST','1','0000-00-00 00:00:00','1','2019-12-17 03:41:14','','','YBAÑEZ, MICHAEL VINCENT'),(49,'SC 00226-0134','ARGUELLES','JERAMIE','SALAYSAY','~','BLK 1 LOT10 PH 2 DICTADO VILLAGE BRGY MARKET AREA STA ROSA LAGUNA','1992-02-26','Female','1','~','02-2966964-6',6,'2015-09-01','3','4','0000-00-00','08-051261850-6','1210-8111-0869','419-669-353','BS BUSINESS ADMINISTRATION MAJOR IN MANAGEMENT','~','~','~',1,'OFFICE STAFF','1','0000-00-00 00:00:00','1','2019-12-17 06:55:03','5df86db7a20b1.jpg','QqRe9im49Htsrhe7mnxmW61-Kt2Xbjbc.jpg','ARGUELLES, JERAMIE'),(50,'A','BATES','ANGELA KRISTINE','RAMORAN','~','~','1991-10-15','Female','4','0920-835-365','34-3306621-0',6,'2016-11-22','3','4','0000-00-00','02-026643206-3','1211-7331-6792','332-899-404','~','~','~','~',1,'OFFICE STAFF','1','0000-00-00 00:00:00','1','2019-12-17 03:41:29','','','BATES, ANGELA KRISTINE'),(51,'SC 00418-0124','BERIÑA','HARRIETT','DISCAYA','~','~','1991-04-18','Female','1','~','34-3210600-3',8,'2013-02-18','3','4','0000-00-00','02-025740181-3','1210-2969-2367','421-708-682','BS FINE ARTS MAJOR IN ADVERTISING','~','~','~',1,'GRAPHIC ARTIST','1','0000-00-00 00:00:00','1','2019-12-17 06:55:29','5df86dd17591c.jpg','MHHJUh_Y9LqdHCJDXDthmrXCbmDPhtsj.jpg','BERIÑA, HARRIETT'),(52,'J0823','SALUNA','JEMIMAH','MAIGUE','604 A MARULAS CALOOCAN CITY','~','1986-08-23','Female','4','0912-245-2965','34-0522516-0',3,'2017-01-03','3','4','0000-00-00','02-050551464-6','1211-6780-2733','~','~','JEFFREY SALUNA','604 A MARULAS CALOOCAN CITY','0950-656-0248',1,'OFFICE STAFF','1','0000-00-00 00:00:00','1','2019-12-17 03:46:31','','','SALUNA, JEMIMAH'),(53,'SC 01101-0113','HERMANO','FERMIN','GANAL','18-C RESOLUTION STREET, TALANAY, BATASAN HILLS, QUEZON CITY','BRGY. 17, PARI-IR, SARRAT, ILOCOS NORTE','1971-12-01','Male','4','0939 455 7463','33-2579891-3',6,'2006-10-09','1','4','0000-00-00','19-089094717-8','1050-0054-5742','204-040-725','BACHELOR OF SCIENCE IN MARINE ENGINEERING','ROXANNE DAVID','18-C RESOLUTION STREET, TALANAY, BATASAN HILLS, QUEZON CITY','0932 432 0933',1,'Coordinator','1','0000-00-00 00:00:00','1','2019-12-17 06:56:13','5df86dfdceaff.jpg','rHOuMB9pStl5-pRdlmr3AXp0QhJXtbHN.jpg','HERMANO, FERMIN'),(54,'CI10-06211','TAN','NINO LIN KIAT','GO','S','S','2017-03-08','Male','4','12','',4,'2010-06-26','1','2','0000-00-00','','','','D','D','D','D',1,'Accountant','1','0000-00-00 00:00:00','1','2020-09-11 16:20:41',NULL,'ietFAjWAzcW50czl9jQBuAj6m1a3doj4.jpg','TAN, NINO LIN KIAT'),(55,'SC 00114-0136','BENDOY ','PETER II','DALAYGON','48 DAGOT, MANRESA, QUEZON CITY','ZONE 2 PLARIDEL, MISAMIS OCCIDENTAL','1990-01-14','Male','1','09177213913','08-1813835-5',3,'2015-09-23','1','4','0000-00-00','15-025281180-1','1210-0768-1200','402-483-841','BACHELOR OF SCIENCE IN COMMERCE','TESSIE D. BENDOY','BRGY. GUSA CAGAYAN DE ORO','09264354367',1,'DB SPECIALIST','1','0000-00-00 00:00:00','3','2020-09-12 09:16:00','5df86e27dc0b4.jpg','HJIMlfA5vEZCrB-CJ4PsaXps2JnOFmjS.jpg','BENDOY , PETER II'),(56,'SC 00308-0154','MORGADO','ALFRENIT','TOLIBAS','606 YAKAL STREET , NAPICO, MANGGAHAN, PASIG CITY','CURVA, SANTIAGO, AGUSAN DEL NORTE','1988-03-08','Female','1','12','34-2990613-2',3,'2016-08-02','1','4','0000-00-00','03-051012199-2','1210-7576-7828','432-332-750','HIGH SCHOOL GRADUATE','ANITA TOLIBAS','606 YAKAL STREET , NAPICO, MANGGAHAN, PASIG CITY','0909 482 7219',1,'MARKETING STAFF','1','0000-00-00 00:00:00','1','2019-12-17 06:57:12','5df86e3895578.jpg','sLW2ySnqTb3IA40T2yHGNBv3p-HMs1QS.jpg','MORGADO, ALFRENIT'),(57,'SC 00306-0155','TABOR','MARICRIS','S','A','A','2017-03-01','Female','1','123','',3,'2016-08-05','3','4','0000-00-00','','','','S','S','S','S',1,'MARKETING STAFF','1','0000-00-00 00:00:00','1','2019-12-17 03:47:21','','','TABOR, MARICRIS'),(58,'SC 00709-0157','ROSALES','DAVE','S','S','S','2017-03-08','Male','1','1234','',2,'2016-09-07','4','4','0000-00-00','','','','S','S','S','S',1,'HR COMPENBEN','1','0000-00-00 00:00:00','1','2019-12-17 03:47:30','','','ROSALES, DAVE'),(59,'SC 00619-0158','CASTRO','RIZALITA','RICAFRENTE RAMOS II','4 DR. C BAUZA ST., BAGUMBAYAN NORTH, NAVOTAS CITY','~','1988-06-19','Female','4','09239431174/09158866766','34-0932807-6',3,'2016-09-17','1','4','0000-00-00','02-050440775-7','1050-0153-1390','257-854-705','BACHELOR IN ADVERTISING AND PUBLIC RELATIONS','ALEXIS M. RAMOS','4 DR. C BAUZA ST., BAGUMBAYAN NORTH, NAVOTAS CITY','09052408144',1,'MARKETING STAFF','1','0000-00-00 00:00:00','1','2019-12-17 06:57:28','5df86e48e1c1a.jpg','zJtA4b6ydLCZzL3GZCSY9Ou0beUk4YKd.jpg','CASTRO, RIZALITA'),(60,'SC 00226-0159','PAYNA','MARY JANE','SD','S','S','2017-03-20','Female','4','12','',6,'2016-08-02','3','4','0000-00-00','','','','S','S','S','S',1,'SUPERMARKET STAFF','1','0000-00-00 00:00:00','1','2019-12-17 03:47:59','','','PAYNA, MARY JANE'),(61,'SC 00805-0162','SABARIAGA','JERRICA','S','S','S','2017-03-15','Female','1','12','',8,'2016-10-06','3','4','0000-00-00','','','','S','S','S','S',1,'GRAPHIC ARTIST','1','0000-00-00 00:00:00','1','2019-12-17 03:48:13','','','SABARIAGA, JERRICA'),(62,'SC 00828-0161','CAÑEDA','ALLENIA ABIGAIL','ESCOBAR','085 NIOG III, BACOOR CAVITE','~','1995-08-28','Female','1','0929-335-3231','34-6015253-7',8,'2016-10-06','1','4','0000-00-00','08-026133862-2','1211-7336-3339','207-886-036','BACHELOR OF FINE ARTS MAJOR IN ADVERTISING','BELEN CAÑEDA','085 NIOG III, BACOOR CAVITE','09231581350',1,'GRAPHIC ARTIST','1','0000-00-00 00:00:00','1','2019-12-17 06:58:13','5df86e75c4a38.jpg','NSaQA4eja5q9JZy2E8yr058IGXy0Od9j.jpg','CAÑEDA, ALLENIA ABIGAIL'),(63,'SC 00920-0163','MARFIL','JOLANIE','S','S','S','2017-03-09','Female','1','12','',6,'2016-11-07','3','4','0000-00-00','','','','S','S','S','S',1,'SUPERMARKET STAFF','1','0000-00-00 00:00:00','1','2019-12-17 03:48:34','','','MARFIL, JOLANIE'),(64,'SC 00222-0164','PINTOR','MARIA FE','S','S','S','2017-03-07','Female','1','12','',6,'2016-11-17','3','4','0000-00-00','','','','S','S','S','S',1,'SUPERMARKET STAFF','1','0000-00-00 00:00:00','1','2019-12-17 06:59:04','5df86ea82f333.jpg','d6EEdjtrsny20OSbD5gOZyh7Ne6FgRse.jpg','PINTOR, MARIA FE'),(65,'SC 00731-0165','GENERALAO','DIANNA','S','S','S','2017-03-14','Female','1','12','',6,'2016-11-23','3','4','0000-00-00','','','','S','S','S','S',1,'SUPERMARKET STAFF','1','0000-00-00 00:00:00','1','2019-12-17 06:59:51','5df86ed7ee1af.jpg','Dn0tOT_KkdyCvp9CdAcEq8TW7yam33u8.jpg','GENERALAO, DIANNA'),(66,'SC 00907-0166','MADERAZO','ANGELICA FAYE','MANIC','B3A-2 BAGONG SILANG, QUEENSROW EAST, BACOOR CITY, CAVITE','N/A','1996-09-07','Female','2','0918 611 5244','34-5080198-2',4,'2016-11-26','1','4','0000-00-00','01-025764846-5','1211-4204-0259','321-558-622','ASSOCIATE IN COMPUTER TECHNOLOGY','JAYPHEE ANDO','B3A-2 BAGONG SILANG, QUEENSROW EAST, BACOOR CITY, CAVITE','09493005605',1,'ADMIN/RECEPTIONIST','1','0000-00-00 00:00:00','1','2020-09-11 15:12:10','5df86ee7db3ed.jpg','1i21KTr4emq-Lk7NJq8rCja6u4qbewWY.jpg','MADERAZO, ANGELICA FAYE'),(67,'SC 00904-0167','DE GUZMAN','LOUIE','S','S','S','2017-03-08','Male','1','12','',6,'2017-01-02','3','4','0000-00-00','','','','S','S','S','S',1,'SUPERMARKET STAFF','1','0000-00-00 00:00:00','1','2019-12-17 07:00:35','5df86f03ac2a3.jpg','XSR6fkGBRBTrRhZoMPugGzejkuNm7Xz0.jpg','DE GUZMAN, LOUIE'),(68,'SC 00724-0168','DELANA','MARK ERIC','S','S','S','2017-03-14','Male','1','12','',6,'2017-01-03','4','4','0000-00-00','','','','S','S','S','S',1,'SUPERMARKET STAFF','1','0000-00-00 00:00:00','1','2019-12-17 03:49:21','','','DELANA, MARK ERIC'),(69,'SC 00627-0170','DENIEGA','GERALYN','S','S','S','2017-03-22','Female','1','12','',6,'2017-01-17','3','4','0000-00-00','','','','S','S','S','S',1,'SUPERMARKET STAFF','1','0000-00-00 00:00:00','1','2019-12-17 03:49:31','','','DENIEGA, GERALYN'),(70,'SC 00328-0171','GUILLERMO','MONA-LIZA','S','S','S','2017-03-14','Female','1','12','',6,'2017-01-17','3','4','0000-00-00','','','','S','S','S','S',1,'SUPERMARKET STAFF','1','0000-00-00 00:00:00','1','2019-12-17 07:00:55','5df86f1711b7e.jpg','4GISFfe_MfgV3358N166KT5JjtPTbPa0.jpg','GUILLERMO, MONA-LIZA'),(71,'M0319','QUEBEC','MARIA IVY','S','S','S','2017-03-10','Female','1','12','',3,'2017-01-24','3','4','0000-00-00','','','','S','S','S','S',1,'MARKETING STAFF','1','0000-00-00 00:00:00','1','2019-12-17 03:49:49','','','QUEBEC, MARIA IVY'),(72,'J0314','DE ROXAS','JEMALYNNE','S','S','S','2017-03-14','Female','1','12','',2,'2017-02-06','3','4','0000-00-00','','','','S','S','S','S',1,'RECRUITMENT STAFF','1','0000-00-00 00:00:00','1','2019-12-17 03:49:58','','','DE ROXAS, JEMALYNNE'),(73,'M0524','MAMPORTE','MARY GRACE','S','S','S','2017-03-15','Female','1','12','',3,'2017-02-06','3','4','0000-00-00','','','','S','S','S','S',1,'MARKETING STAFF','1','0000-00-00 00:00:00','1','2019-12-17 07:02:11','5df86f6332196.jpg','hwewXve_fsW-pX-gro-PQiWEfnOUiCax.jpg','MAMPORTE, MARY GRACE'),(74,'J0524','GARCIA','JUSTINE MEL','S','S','S','2017-03-16','Female','1','12','',3,'2017-02-14','3','4','0000-00-00','','','','S','S','S','S',1,'MARKETING STAFF','1','0000-00-00 00:00:00','1','2019-12-17 03:50:16','','','GARCIA, JUSTINE MEL'),(75,'SC 00328-0169','MANGILIT','LUCEL','SANTUYO-DE PEDRO','51 DAHLIA STREET, LALLANA EXT. TONDO, MANILA','N/A','2017-03-15','Female','4','0943 621 8659','33-7762019-4',6,'2017-01-03','1','4','0000-00-00','01-050523920-3','1050-0120-8057','222-280-489','COMPUTER SECRETARIAL COURSE','ELISEO MANGILIT III','51 DAHLIA STREET, LALLANA EXT. TONDO, MANILA','0919 473 4249',1,'SUPERMARKET STAFF','1','0000-00-00 00:00:00','1','2019-12-17 07:02:34','5df86f7a52837.jpg','DxLOaJgWMlhgys9lu6WOk9Zg6daTa10Y.jpg','MANGILIT, LUCEL'),(76,'R0727','TANGO','ROSALY','D','D','D','2017-03-08','Female','1','12','',3,'2017-03-15','3','4','0000-00-00','','','','D','D','D','D',1,'MARKETING STAFF','1','0000-00-00 00:00:00','1','2019-12-17 03:51:00','','','TANGO, ROSALY'),(77,'A0318','BITAGARA','ARCIL','S','S','S','2017-03-08','Female','1','1234','',4,'2017-03-22','3','4','0000-00-00','','','','S','S','S','S',1,'ACCOUNTING STAFF','1','0000-00-00 00:00:00','1','2019-12-17 07:03:04','5df86f98b9a04.jpg','KHpE8A1EeOKwcdfO5G0br8gP5wj0e1AP.jpg','BITAGARA, ARCIL'),(78,'J1220','CABALIDA','JEZRYL','S','S','S','2017-05-02','Female','1','234','S',3,'2017-05-17','3','4','0000-00-00','S','S','S','S','S','S','S',1,'STAFF','1','0000-00-00 00:00:00','1','2019-12-17 03:51:19','','','CABALIDA, JEZRYL'),(79,'E0507','DIMALANTA','ELISA','S','S','S','2017-05-30','Female','1','S','S',4,'2017-05-05','3','4','0000-00-00','S','S','S','S','S','S','S',1,'ACCOUNTING STAFF','1','0000-00-00 00:00:00','1','2019-12-17 03:51:31','','','DIMALANTA, ELISA'),(80,'B1116','PADILLA','BONN GIEL','S','S','S','2017-05-30','Female','1','S','S',3,'2017-05-19','3','4','0000-00-00','S','S','S','S','S','S','S',1,'STAFF','1','0000-00-00 00:00:00','1','2019-12-17 03:51:48','','','PADILLA, BONN GIEL'),(81,'C0710','OPINION','CAMILLE ALEXIS','S','S','S','2017-05-09','Female','1','S','S',3,'2017-05-18','3','4','0000-00-00','S','S','S','S','S','S','S',1,'STAFF','1','0000-00-00 00:00:00','1','2019-12-17 07:03:34','5df86fb65c82c.jpg','0-m4IYkXryS8DLiaU77Upv7u51IDH9_M.jpg','OPINION, CAMILLE ALEXIS'),(82,'G0611','BORROMEO','GEMMA','S','S','S','2017-05-09','Female','1','S','S',3,'2017-05-09','3','4','0000-00-00','S','S','S','S','S','S','S',1,'STAFF','1','0000-00-00 00:00:00','1','2019-12-17 03:52:07','','','BORROMEO, GEMMA'),(83,'R0430','PLABA','ROXANNE','S','S','S','2017-05-15','Female','1','S','S',2,'2017-05-15','3','4','0000-00-00','S','S','S','S','S','S','S',1,'STAFF','1','0000-00-00 00:00:00','1','2019-12-17 03:52:16','','','PLABA, ROXANNE'),(84,'M0804','GALANG','MARJHORIE','S','S','S','2017-05-15','Female','1','S','S',4,'2017-05-15','3','4','0000-00-00','S','S','S','S','S','S','S',1,'STAFF','1','0000-00-00 00:00:00','1','2019-12-17 07:04:54','5df870065fa9e.jpg','v_hAfp06EgKVx4q5WbTZSpJDL9JJK5Ne.jpg','GALANG, MARJHORIE'),(85,'SC 01029-0178','CABAYAN','DANILO','QUITOLA','3 BIBLE  ST. KARUHUTAN, VALENZUELA CITY','~','1986-10-29','Male','2','09275555350','33-9252120-7',7,'2017-05-29','1','4','0000-00-00','02-050073405-2','1210-5908-5772','234-570-064','~','MARIELL ANN FORTE','3 BIBLE  ST. KARUHUTAN, VALENZUELA CITY','398-6829',1,'WAREHOUSE STAFF','1','0000-00-00 00:00:00','1','2019-12-17 07:05:12','5df8701888d3a.jpg','2rVV_yUB4aTOaI7FuiArOHl_omy6HBcH.jpg','CABAYAN, DANILO'),(86,'M1104','ESTUISTA','MA. CRISTINA','S','S','S','2017-06-02','Female','1','S','S',3,'2017-06-01','3','4','0000-00-00','S','S','S','S','S','S','S',1,'STAFF','1','0000-00-00 00:00:00','1','2019-12-17 07:05:52','5df87040169b9.jpg','vO6sPllByHLFO4zwV-VzKTCGkgcc1iqj.jpg','ESTUISTA, MA. CRISTINA'),(87,'SC 00703-0179','BARCEBAL','FRANCISCO JR.','BERCASIO','1247 ESTIMIDA INT., SALMON ST., DAGAT- DAGATAN CALOOCAN CITY','~','1982-07-03','Male','4','0948-737-1010','33-8901466-2',7,'2017-05-31','1','4','0000-00-00','02-050882894-3','1210-7991-4520','338-086-817','AB PEACE AND SECURITY STUDIES','MELANIA BARCEBAL','1247 ESTIMIDA INT., SALMON ST., DAGAT- DAGATAN CALOOCAN CITY','099997216440',1,'DRIVER','1','0000-00-00 00:00:00','1','2019-12-17 07:06:29','5df8706563505.jpg','0eZ7F5pGdXfk_F25bptyjFirwqrHh0mJ.jpg','BARCEBAL, FRANCISCO JR.'),(88,'M0327','CALDENO','MARICEL','SSA','S','S','2017-06-14','Female','1','S','S',1,'2017-06-21','3','4','0000-00-00','S','S','S','S','S','S','S',1,'S','1','0000-00-00 00:00:00','1','2019-12-17 03:53:03','','','CALDENO, MARICEL'),(89,'C1221','TAYOTO','CRIS JOHN','S','S','S','2017-07-12','Male','1','S','S',1,'2017-07-19','3','4','0000-00-00','S','S','S','S','S','S','S',1,'S','1','0000-00-00 00:00:00','1','2019-12-17 03:54:09','','','TAYOTO, CRIS JOHN'),(90,'S1230','CABELIN','STEPHANIE RIZA','S','S','S','2017-07-03','Female','1','S','S',6,'2017-07-19','3','4','0000-00-00','S','S','S','S','S','S','S',1,'S','1','0000-00-00 00:00:00','1','2019-12-17 03:54:17','','','CABELIN, STEPHANIE RIZA'),(91,'M0413','AGUILAR','MAEGAN','S','S','S','2017-07-04','Female','1','S','S',3,'2017-07-03','3','4','0000-00-00','S','S','S','S','S','S','S',1,'S','1','0000-00-00 00:00:00','1','2019-12-17 03:54:26','','','AGUILAR, MAEGAN'),(92,'J0221','MENIANO','JANE','S','S','S','2017-07-03','Female','1','S','S',1,'2017-07-03','3','4','0000-00-00','S','S','S','S','S','S','S',1,'S','1','0000-00-00 00:00:00','1','2019-12-17 03:54:35','','','MENIANO, JANE'),(93,'K0922','FAVOR','KRISTOFFER REGTON','QUIROG','B4 L15 BLOOMFIELD  SUBDIVISION, ALAPAN 1B, IMUS CAV ITE','~','1993-09-22','Male','1','09153877951','34-4618626-8',6,'2020-08-06','2','4','0000-00-00','08-0257895797','1211-2528-4248','338-505-469','~','JOSEPHINE Q. FAVOR','BLK109 LT5 GRAND CEDAR CREST ANTEL GRAND VILLAGE BACAO I. GEN TRIAS, CAVITE ','09175565375',1,'COORDINATOR','1','0000-00-00 00:00:00','1','2020-09-12 09:11:49','','','FAVOR, KRISTOFFER REGTON'),(94,'SC 00221-0183','ARANDA','JOHN RAY','BRIONES','B24 L2 FY MANALO ST. GOLDEN ACRES, LAS PINAS CITY','O.L V. 6TH ST. BIBINCAHAN SORSOGON CITY','1991-02-22','Male','1','09106390696','34-1947527-8',7,'2017-06-29','4','4','0000-00-00','01-025562409-7','1211-0907-3370','500-928-235','~','NOLI P. ARANDA',' FY MANALO ST. GOLDEN ACRES, LAS PINAS CITY','09084061141',1,'WAREHOUSE STAFF','1','0000-00-00 00:00:00','1','2020-02-13 02:55:03','5df870bbc9aad.jpg','gZf8krw7nTSSBXLsrFD6V6vhXvhvJmPb.jpg','ARANDA, JOHN RAY'),(95,'M1012','SALVADOR','MARJORIE','S','S','S','2017-08-01','Female','1','s','s',1,'2017-08-01','3','4','0000-00-00','s','s','s','s','s','s','s',1,'s','1','0000-00-00 00:00:00','1','2019-12-17 03:55:03','','','SALVADOR, MARJORIE'),(96,'SC 00626-0184','BLONES','MYLENE','MOLLERA','BLK 2 LOT 12 PAG-IBIG AREA BRGY. 96 CALANIDAWAN TACLOBAN CITY','~','1983-06-26','Female','2','09352913029','06-3956835-3',3,'2017-07-10','1','4','0000-00-00','13-250947989-9','1211-9697-3548','475-327-238','~','REMALEN M. BLONES','BLK 2 LOT 12 PAG-IBIG AREA BRGY. 96 CALANIDAWAN TACLOBAN CITY','09973514230',1,'MARKETING STAFF','1','0000-00-00 00:00:00','1','2019-12-17 07:08:21','5df870d5b1635.jpg','17gvsIQviyypuFUJbdqgOrRIF9Ir0wSz.jpg','BLONES, MYLENE'),(97,'M1028','DACULA','MARJORIE','S','S','S','2017-08-01','Female','1','S','S',1,'2017-08-01','3','4','0000-00-00','S','S','S','S','S','S','S',1,'S','1','0000-00-00 00:00:00','1','2019-12-17 03:55:29','','','DACULA, MARJORIE'),(98,'SC 00315-0213','ABLONG','JANE','PERALTA','192 A. MABINI ST. MAYPAJO, CALOOCAN CITY\r\n','~','1982-03-15','Female','2','09056849632','33-7257642-1',6,'2018-10-11','1','4','0000-00-00','19-089384563-5','1211-9443-4686','228-368-499','APPLIED COMPUTER SCIENCE','~','~','~',1,'COORDINATOR','1','0000-00-00 00:00:00','1','2020-01-02 07:31:03',NULL,'aP3CkFVxdfShNXDClTr2GWGSsMeTLbw6.jpg','ABLONG, JANE'),(99,'R0418','LADAO ','REDALYN','PANALIGAN','745 DON QUIJOTE STREET, BRGY. 455 SAMPALOC, MANILA','N/A','1998-04-18','Female','1','0920 261 1583','34-7517280-3',9,'2018-11-06','1','4','0000-00-00','02-251447229-0','1212-2442-0531','351-763-679','BACHELOR OF SCIENCE IN INFORMATION TECHNOLOGY','RIZALYNE P. LADAO',' 745 DON QUIJOTE STREET, BRGY. 455 SAMPALOC, MANILA',' 0928 726 0261',1,'OFFICE ADMIN STAFF','1','0000-00-00 00:00:00','1','2020-02-05 02:14:53','','','LADAO , REDALYN'),(100,'SC 01111-0202','SORE','GERON','BRAVO','137 MANGGAHAN, BFRV, BRGY. TALON DOS, LAS PIÑAS CITY','SITIO PALAYAN BAYAN, NAGBALAYONG, MORONG, BATAAN','1997-11-11','Male','1','0949 944 1653','34-7493932-2',2,'2018-06-06','1','4','0000-00-00','01-026289326-5','1212-2367-1992','346-798-113','BACHELOR OF SCIENCE IN BUSINESS ADMINISTRATION MAJOR IN HUMAN RESOURCE DEVELOPMENT MANAGEMENT','ROLANDO M. SORE','137 MANGGAHAN, BFRV, BRGY. TALON DOS, LAS PIÑAS CITY','0921 316 5390',1,'HR ASSISTANT','1','0000-00-00 00:00:00','1','2019-12-17 07:09:07','5df871031f5b0.jpg','NBfG-Ina0VY-ewWBGBpiOBn0lDoeLBhx.jpg','SORE, GERON'),(101,'SC 00606-0220','AGOSTOSA','KRISTINE JOY','MENDOZA','BLK 11 LOT 16 ULINGAN ST. LAWANG BATO, VALENZUELA CITY','BANGA, TALISAY BATANGAS','1998-06-06','Female','1','09062852490','34-7554378-8',4,'2019-04-22','1','4','0000-00-00','02-251244038-3','1212-2576-9569','358-029-240','BACHELOR OF SCIENCE  IN BUSINESS ADMINISTRATION MAJOR IN MARKETING MANAGEMENT','GINA M. AGOSTOSA','BLK 11 LOT 16 ULINGAN ST. LAWANG BATO, VALENZUELA CITY','09234989621',1,'OFFICE STAFF','1','0000-00-00 00:00:00','1','2019-12-17 03:57:44','','','AGOSTOSA, KRISTINE JOY'),(102,'SC 00621-0201','JULIAN','SHIELA MARIE','BALASA','BLK 1 LOT 19 PH II VILLA ILAGAN, BRGY. MUZON, SAN JOSE DEL MONTE, BULACAN','N/A','1998-06-21','Female','1','0920 226 4572','34-6291272-0',6,'2018-05-08','1','4','0000-00-00','02-252665024-0','1211-8334-3556','331-962-689','BACHELOR OF SCIENCE IN COMPUTER SCIENCE','MATDA JULIAN','BLK 1 LOT 19 PH II VILLA ILAGAN, BRGY. MUZON, SAN JOSE DEL MONTE, BULACAN','0926 979 3563',1,'SUPERMARKET STAFF','1','0000-00-00 00:00:00','1','2019-12-17 07:09:30','5df8711a84185.jpg','Ku1qD4rWmDVZc6W0D6w1IVMxHh6bRA3l.jpg','JULIAN, SHIELA MARIE'),(103,'SC 00901-0206','JUALO','MARIANE MAE','SAMSONA','1020 BILIBID VIEJO STREET, QUIAPO MANILA','N/A','1997-09-01','Female','1','0912 955 1298','34-5808108-9',6,'2018-07-16','1','4','0000-00-00','02-026691026-7','1211-6744-8643','327-450-389','BACHELOR OF SCIENCE IN BUSINESS ADMINISTRATION MAJOR IN MANAGEMENT','MARISSA JUALO','1020 BILIBID VIEJO STREET, QUIAPO MANILA','0907-781-3454',1,'SUPERMARKET STAFF','1','0000-00-00 00:00:00','1','2019-12-17 07:09:52','5df87130951d6.jpg','3iMGTl0tl-xXL7q3AcfLk6bQu0PojYxu.jpg','JUALO, MARIANE MAE'),(104,'SC 01128-0226','JUNIO','ANGELICA MARIE','CASTRENCE','BLK 7 LOT 9 VILLA PARAISO BRGY. SUN VALLEY PARAÑAQUE CITY','N/A','1998-11-28','Female','1','0908 999 1648','34-8435143-7',4,'2019-07-10','1','4','0000-00-00','01-250844850-1','1212-4897-8685','737-552-701','BACHELOR OF SCIENCE IN BUSINESS ADMINISTRATION MAJOR IN HUMAN RESOURCE DEVELOPMENT MANAGEMENT','GRACIA C. JUNIO','BLK 7 LOT 9 VILLA PARAISO BRGY. SUN VALLEY PARAÑAQUE CITY','0975 662 3575',1,'OFFICE STAFF','1','0000-00-00 00:00:00','1','2020-09-11 15:11:47',NULL,'','JUNIO, ANGELICA MARIE'),(105,'SC 00204-0223','ALVIZA','YVETTE','ALER','1529 TINDALO ST. BRGY. 254 TONDO, MANILA 1013','BALIAN LAGUNA','1996-02-04','Female','1','09756623033','34-3847148-6',8,'2019-05-06','1','4','0000-00-00','02-050982604-9','1210-8912-0948','436-158-347','BACHELOR OF FINE ARTS MAJOR IN ADVERTISING','FILIPINA CECILIA A. ALVIZA','1529 TINDALO ST. BRGY. 254 TONDO, MANILA 1013','09076573784',1,'GRAPHIC ARTIST','1','0000-00-00 00:00:00','1','2019-12-17 03:58:32','','','ALVIZA, YVETTE'),(106,'SC 00606-0203','LAO','PAULINE','AGUELO','BLK 2 LOT 16 PUYAT COMPOUND, TAMBO, PARAÑAQUE CITY','N/A','1997-06-06','Female','1','0936 565 4867','34-6321031-1',8,'2018-06-06','1','4','0000-00-00','01-250846091-9','1211-8518-0078','491-318-727','BACHELOR OF SCIENCE IN OFFICE ADMINISTRATIONAGUELO','JOCELYN A. LAO','BLK 2 LOT 16 PUYAT COMPOUND, TAMBO, PARAÑAQUE CITY','0955 496 2855',1,'EXECUTIVE ASSISTANT','1','0000-00-00 00:00:00','3','2020-09-12 13:29:53','5df871608801f.jpg','GDXWCXRoYJwzG0NcNqmgBRp5k6kGO6bA.jpg','LAO, PAULINE'),(107,'SC 01014-0198','BALANE','JOEL','MAIGUE','047, BAKAS COMPOUND, BAGONG SILANGAN, QUEZON CITY ',' VINZOS CAMARINES NORTE','1983-10-14','Male','1','0905-563-3324','33-6195898-2',6,'2018-03-06','1','4','0000-00-00','01-051061850-0','1211-5264-7082','344-815-765','CONSUMER  ELECTRONICS MECHANICS','BELLA MAIGUE BALANE',' VINZOS CAMARINES NORTE','09070951178',1,'COORDINATOR','1','0000-00-00 00:00:00','1','2019-12-17 03:58:53','','','BALANE, JOEL'),(108,'SC 01009-0217','MAGAT','MARRY JOY','GARCIA','192B SAN JUAN ST. BAGONG BARRIO, CALOOCAN CITY 1400','N/A','1997-10-09','Female','1','0919 900 7528','34-7586149-9',4,'2019-02-14','1','4','0000-00-00','02-027080234-7','1212-2318-1976','738-129-137','BACHELOR IN INDUSTRIAL TECHNOLOGY MAJOR IN FOOD TECHNOLOGY','MARUN MAGAT','192B SAN JUAN ST. BAGONG BARRIO, CALOOCAN CITY 1400','0917 512 6627',1,'ACCOUNTING STAFF','1','0000-00-00 00:00:00','1','2019-12-17 03:59:05','','','MAGAT, MARRY JOY'),(109,'SC 00803-0212','MAGALO','MA MAGDALENA','SORILA-LUNDAY','342 MOLINO 3, BACOOR CITY, CAVITE','N/A','1988-08-03','Female','4','0910 125 2992','04-3579191-3',6,'2018-10-11','1','4','0000-00-00','08-201147880-4','1211-4367-6069','351-360-335','HIGH SCHOOL GRADUATE','DANILO MAGALO','342 MOLINO 3, BACOOR CITY, CAVITE','0977 386 1757',1,'COORDINATOR','1','0000-00-00 00:00:00','1','2019-12-17 07:11:03','5df87177c9a7d.jpg','6OQ7f4PON8BshcF7WEZNN-7Yim1ykzlm.jpg','MAGALO, MA MAGDALENA'),(110,'SC 00215-0190','MAIGUE','DARIO','MALANO','97 K-7 EAST KAMIAS, QUEZON CITY','N/A','1982-02-15','Male','2','0929 322 3870','33-7866070-0',6,'2018-02-01','1','4','0000-00-00','03-050188531-9','1090-0082-9307','328-716-756','HIGH SCHOOL GRADUATE','JENYLYN S. ALCAIDE','97 K-7 EAST KAMIAS, QUEZON CITY','0950 499 1024',1,'COORDINATOR','1','0000-00-00 00:00:00','1','2019-12-17 03:59:28','','','MAIGUE, DARIO'),(111,'SC 00909-0204','MALAKI','JODINE MAE','ILAS','BLK. 26 LOT 56 OUR LADY OF MARIAN ST. ROSARIO COMPLEX, SAN PEDRO CITY, LAGUNA\r\n','N/A','1997-09-09','Female','1','0997 983 3003','34-7560062-1',3,'2018-06-21','1','4','0000-00-00','01-026302089-3','1212-2545-2514','347-544-080','BACHELOR OF SCIENCE IN BUSINESS ADMINISTRATION MAJOR IN MARKETING MANAGEMENT','GERALDINE ILAS','BLK. 26 LOT 56 OUR LADY OF MARIAN ST. ROSARIO COMPLEX, SAN PEDRO CITY, LAGUNA','0926 759 8971',1,'MARKETING STAFF','1','0000-00-00 00:00:00','1','2019-12-17 07:11:19','5df871877cf0c.jpg','PoSTo_96asVaKFTkrZaOyeJMji1cnH6s.jpg','MALAKI, JODINE MAE'),(112,'J0802','BANJAWAN','JEWARD','AVILLANO','BLK 12 LOT 20 SAMPAGUITA ST. PHASE I, ELVINDA VILLAGE, BRGY. FATIMA, SAN PEDRO CITY, LAGUNA','~','1998-08-02','Male','1','09983822127','34-8438340-5',2,'2019-08-01','3','4','0000-00-00','08-026593476-9','1212-4886-6337','748-947-562','BS IN BUSINESS ADMINISTRATION MAJOR IN HUMAN RESOURCE MANAGEMENT','JOEL B. BANJAWAN','BLK 12 LOT 20 SAMPAGUITA ST. PHASE I, ELVINDA VILLAGE, BRGY. FATIMA, SAN PEDRO CITY, LAGUNA','09983898693',1,'HR ASSISTANT','1','0000-00-00 00:00:00','1','2019-12-17 03:59:48','','','BANJAWAN, JEWARD'),(113,'SC 00404-0192','MANANSALA','EDUARDO','SARMIENTO','BLK 23 L47 GREEN GATE  SUBD. PH 2 MALAGASANG 2 A, IMUS, CAVITE \r\n','N/A','1968-04-04','Male','4','0930 295 7576','03-9031727-0',6,'2018-02-01','1','4','0000-00-00','02-050337785-4','1090-0098-5564','209-494-560','BACHELOR OF SCIENCE IN MARINE ENGINEERING (UNDERGRAD)','MARILOU MANANSALA','BLK 23 L47 GREEN GATE  SUBD. PH 2 MALAGASANG 2 A, IMUS, CAVITE ','0965 682 2003',1,'COORDINATOR','1','0000-00-00 00:00:00','1','2019-12-17 04:00:24','','','MANANSALA, EDUARDO'),(114,'SC 00308-0229','BARTOLOME','VIRGILIO JR.','OSIEL','197 INT GULAYAN, CATMON, MALABON CITY 1470','~','1988-03-08','Male','1','~','34-1102276-8',6,'2019-08-13','2','4','0000-00-00','03-0504637367','1211-3813-2569','417-343-044','~','~','~','~',1,'COORDINATOR','1','0000-00-00 00:00:00','1','2020-01-10 03:41:46',NULL,'','BARTOLOME, VIRGILIO JR.'),(115,'SC 01130-0209','MARIANO','VON ANDREW','ABRANTES','20 TLR TOWNHOMES, FASTTRACK ST. MOONWALK, PARAÑAQUE CITY\r\n','N/A','1989-11-30','Male','1','0919 241 1579','34-1132325-0',3,'2018-08-08','1','4','0000-00-00','01-050926658-7','1211-5681-2672','372-002-735','HIGH SCHOOL GRADUATE','ALEJANDRO MARIANO','20 TLR TOWNHOMES, FASTTRACK ST. MOONWALK, PARAÑAQUE CITY','0920 465 2480',1,'MPAC','1','0000-00-00 00:00:00','3','2020-09-12 09:55:42','5df872454be38.jpg','HmWWsepePSOypGAQYBf0AmD4Z3JBvFmF.jpg','MARIANO, VON ANDREW'),(116,'SC 00609-0193','MEDICO','MICHAEL','PANGAN','2235  B. BATO ST. GAGALANGIN, TONDO MANILA\r\n','N/A','1990-06-09','Male','4','0921 484 3637','34-1526240-1',6,'2018-02-01','1','4','0000-00-00','02-050577636-5','1210-3999-1525','274-266-222','BACHELOR IN PUBLIC ADMINISTRATION','CARMINA MEDICO','2235  B. BATO ST. GAGALANGIN, TONDO MANILA','0932 463 8129',1,'COORDINATOR','1','0000-00-00 00:00:00','1','2019-12-17 04:01:11','','','MEDICO, MICHAEL'),(117,'SC 01121-0221','CABIAS','LYN GELLE','MAPPALA','CALOG SUR, ABULUG, CAGAYAN','~','1997-11-21','Female','1','09108167189/09973060377','01-2811048-7',4,'2019-04-29','1','4','0000-00-00','06-250000927-1','1212-4766-9899','745-021-520','BACHELOR OF SCIENCE IN INFORMATION TECHNOLOGY','ROGELIO A. CABIAS','CALOG SUR, ABULUG, CAGAYAN','09388260781',1,'OFFICE STAFF','1','0000-00-00 00:00:00','1','2020-09-11 15:11:35','','','CABIAS, LYN GELLE'),(118,'SC 00114-0214','CAIRO','LIEZEL ','CARIAGA - DE JESUS','#225 ROSAL ST. GLORIA 2, SINDALAN, SAN FERNANDO, PAMPANGA 2000','~','1991-01-14','Female','4','09991666725','02-2790944-7',3,'2019-01-23','1','4','0000-00-00','07-025555469-5','1210-1661-7787','418-958-971','~','~','~','~',1,'MPAC','1','0000-00-00 00:00:00','1','2020-09-12 09:23:21',NULL,'','CAIRO, LIEZEL '),(119,'SC 00625-0225','CHAM','SHAIRMAINE','FRIAS','B-5257 DEMEILLO ST. GEN. DE LEON, VALENZUELA CITY 1442','~','1993-06-25','Female','1','09157216403','34-3541690-7',5,'2019-06-03','1','4','0000-00-00','02-950936837-7','1210-7177-4267','428-991-899','BS IN BUSINESS ADMINISTRATION AMJOR IN MARKETING MANAGEMENT','JULITA CHAM','B-5257 DEMEILLO ST. GEN. DE LEON, VALENZUELA CITY 1442','09186613217',1,'DB ACCOUNTING STAFF','1','0000-00-00 00:00:00','1','2019-12-17 04:01:41','','','CHAM, SHAIRMAINE'),(120,'K0709','DELGADO','KAREN ','OMPOY','69 TATLONG HARI ST. STA. MONICA, NOVALICHES, QUEZON CITY','~','1998-07-09','Female','1','09452358848','34-8335499-8',10,'2019-04-23','1','4','0000-00-00','03-251067275-4','1212-4771-8278','721-128-543','BS IN BUSINESS ADMINISTRATION MAJOR IN MARKETING MANAGEMENT','ED DELGADO','69 TATLONG HARI ST. STA. MONICA, NOVALICHES, QUEZON CITY','09222611107',1,'OFFICE ADMIN STAFF','1','0000-00-00 00:00:00','1','2020-02-05 02:14:12','','','DELGADO, KAREN '),(121,'SC 00104-0222','CHUA','JULIUS','VENTINILLA','0531 SAMPAGUITA ST. OLD STA. MESA, BRGY. 598, MANILA CITY 1008','~','1999-01-04','Male','1','09551953794','34-8294486-2',8,'2019-04-30','1','4','0000-00-00','02-027221405-1','1212-4667-0623','745-019-868','BACHELOR OF FINE ARTS MAJOR IN ADVERTISING','MADELAINE V. CHUA','0531 SAMPAGUITA ST. OLD STA. MESA, BRGY. 598, MANILA CITY 1008','255-64-60',1,'GRAPHIC ARTIST','1','0000-00-00 00:00:00','1','2019-12-17 04:02:07','','','CHUA, JULIUS'),(122,'SC 00703-0216','NAGUIT','EDAM JAMES','JAMOLA','SITIMARIBETH DY APARTMENT, AIRPORT AREA, SIBULAN, NEGROS ORIENTAL','SITIO CABULAY, ALANGILANAN, MANJUYOD, NEGROS ORIENTAL ','1987-07-03','Male','4','0936 403 2845','07-3456163-7',3,'2019-02-06','1','4','0000-00-00','12-051445834-6','1211-5269-7495','354-985-020','ASSOCIATE IN HOSPITALITY MANAGEMENT','MARY MAE ANNABEL BALDADO-NAGUIT','SITIO CABULAY, ALANGILANAN, MANJUYOD, NEGROS ORIENTAL ','0905 617 3269',1,'MPAC','1','0000-00-00 00:00:00','3','2020-09-12 09:55:57',NULL,'','NAGUIT, EDAM JAMES'),(123,'SC 00430-0188','DELOS SANTOS','APRIL','PACHECO','18 K 6 TH  KAMUNING, QUEZON CITY ','~','1989-04-30','Female','1','0930-696-3216','34-1865470-2',3,'2018-01-16','1','4','0000-00-00','13-200927374-7','1210-1147-4635','408-299-536','COMPUTER SECRETARIAL','RUBY CONDES','MANGGAHAN PASIG CITY','09292625833',1,'MARKETING STAFF','1','0000-00-00 00:00:00','1','2019-12-17 04:02:32','','','DELOS SANTOS, APRIL'),(124,'SC 00106-0227','ORTEGA','LEA','TORCUATOR','625 RODRIGUEZ STREET, M. DELA CRUZ, PASAY CITY','N/A','1996-01-06','Female','1','0915 159 0085','34-4286410-2',4,'2019-07-17','1','4','0000-00-00','08-025727677-9','1211-1289-1775','500-949-933','BACHELOR OF SCIENCE IN BUSINESS ADMINISTRATION MAJOR IN OPERATIONS MANAGEMENT','LEILA ORTEGA','625 RODRIGUEZ STREET, M. DELA CRUZ, PASAY CITY','0932 575 3953',1,'OFFICE STAFF','1','0000-00-00 00:00:00','3','2020-09-12 13:13:52','','','ORTEGA, LEA'),(125,'SC 01123-0215','PALAÑA','KENNETH','CUSTODIO','ZONE 4, CABUYNAN, TANAUAN, LEYTE','ZONE 4, CABUYNAN, TANAUAN, LEYTE','1994-11-23','Male','1','0909 108 7723','06-4003928-2',5,'2019-02-06','1','4','0000-00-00','13-025474653-4','1212-0503-8943','734-457-201','TECHNICAL-VOCATIONAL EDUCATIONAL PROGRAM','GINA PALAÑA','ZONE 4, CABUYNAN, TANAUAN, LEYTE','0912 097 1756',1,'MPAC','1','0000-00-00 00:00:00','1','2020-01-02 05:41:44',NULL,'','PALAÑA, KENNETH'),(126,'SC 01104-0219','DESQUITADO','HAZEL','BOAROA','34 F. VICTOR ST. PASAY CITY','~','1997-11-04','Female','1','09264156649','34-7484122-9',4,'2019-04-22','1','4','0000-00-00','01-026320721-7','1212-2501-2354','350-147-478','BACHELOR OF SCIENCE IN OFFICE ADMINISTRATION','WINIFREDA DESQUITADO','34 F. VICTOR ST. PASAY CITY','09357644670',1,'OFFICE STAFF','1','0000-00-00 00:00:00','1','2019-12-17 04:03:06','','','DESQUITADO, HAZEL'),(127,'SC 00116-0199','PEREMNE','KEENA','AZUCENA','207 A. PABLO STREET, PASAY CITY','TALIBONG PEQUEÑO, MINA, ILOILO','1993-01-16','Female','2','0927 597 2403','34-3453436-9',4,'2018-03-22','1','4','0000-00-00','02-050963883-8','1210-7312-7086','312-979-350','BACHELOR OF SCIENCE IN INFORMATION TECHNOLOGY','MARIAN PEREMNE','207 A. PABLO STREET, PASAY CITY','0927 597 2403',1,'ACCOUNTING STAFF','1','0000-00-00 00:00:00','1','2019-12-17 04:03:19','','','PEREMNE, KEENA'),(128,'SC 00417-0186','DONATO','ABIGAIL','SALVADOR','468 BLK 27 WELFARE COMPOUND, BRGY. ADD HILLS, MANDALUYONG CITY ','~','1987-04-17','Female','2','~','34-0566705-8',3,'2017-08-25','1','4','0000-00-00','01-025212783-1','1211-7929-5422','445-252-475','~','MARK ANTHONY LODOR','468 BLK 27 WELFARE COMPOUND, BRGY. ADD HILLS, MANDALUYONG CITY ','09757838427',1,'MARKETING STAFF','1','0000-00-00 00:00:00','3','2020-09-12 12:58:46','','','DONATO, ABIGAIL'),(129,'SC 00525-0189','PARONE','WINDELL','PEPITO','100 UPPER MOLAVE STREET, PAYATAS, QUEZON CITY','N/A','1987-05-25','Male','1','0922 564 9770','34-0731235-6',3,'2018-02-01','1','4','0000-00-00','07-050531262-5','1410-0101-9743','255-233-912','HIGH SCHOOL GRADUATE','CECILIA PARONE','100 UPPER MOLAVE STREET, PAYATAS, QUEZON CITY','0923 197 2764',1,'DB SPECIALIST','1','0000-00-00 00:00:00','3','2020-09-12 09:56:17','','','PARONE, WINDELL'),(130,'SC 00403-0207','ESTRABELA','APRIL ROSE','FERNANDEZ','#015  ATIS ST. ADMIRAL SUBDIVISION, TALON TRES, LAS PIÑAS CITY ','~','1995-04-03','Female','1','09976947511','34-7629123-3',2,'2018-06-13','1','4','0000-00-00','01-250150893-2','1212-2699-7460','347-473-591','BS IN BUSINESS ADMINISTRATION MAJOR IN HUMAN RESOURCE MANAGEMENT','AUGUSTO M. ESTRABELA SR.','#015  ATIS ST. ADMIRAL SUBDIVISION, TALON TRES, LAS PIÑAS CITY ','09339546423',1,'HR ASSISTANT','1','0000-00-00 00:00:00','1','2020-01-08 06:30:19',NULL,'','ESTRABELA, APRIL ROSE'),(131,'SC 00314-0228','FRANCO','MA. LARIESSA ','BADIANG','164 NORWAY ST., TRAMO II SAN DIONISIO PARAÑAQUE CITY','~','1999-03-14','Female','1','09104378438','34-8404510-9',6,'2019-07-22','2','4','0000-00-00','01-026457178-8','1212-4947-7212','747-955-858','BACHELOR OF SCIENCE IN OFFICE ADMINISTRATION','EDGAR FRANCO','PARAÑAQUE CITY','09294168197',1,'OFFICE STAFF','1','0000-00-00 00:00:00','1','2019-12-17 04:04:01','','','FRANCO, MA. LARIESSA '),(132,'C1228','FERRERAS ','CHRISTINE','CAMARINO','BLK 3 LOT 5 GUAVA ST. GAWARAN EXTENSION, MOLINO 7, BACOOR CITY, CAVITE','~','1995-12-28','Female','1','09123312825','34-4432867-5',3,'2019-08-22','2','4','0000-00-00','08-025736433-3','1211-1446-7688','317-130-956','BACHELOR OF SCIENCE IN COMPUTER SCIENCE','CHERRY MAE FERRERAS','~','09497853025',1,'MARKETING STAFF','1','0000-00-00 00:00:00','1','2019-12-17 04:04:09','','','FERRERAS , CHRISTINE'),(133,'SC 00124-0191','GUARDALUPE','LORDCRIS','ALIPAO','BLK-1 ARENDA STA ANA, TAYTAY RIZAL','~','1983-01-24','Male','3','09422938771','34-1176828-4',6,'2018-02-01','1','4','0000-00-00','01-051077405-7','1211-8417-2806','344-667-864','DIPLOMA OF FISHERY AND TECHNOLOGY','MARYGENE L. GUARDALUPE','BLK-1 ARENDA STA ANA, TAYTAY RIZAL','09358718427',1,'COORDINATOR','1','0000-00-00 00:00:00','1','2019-12-17 04:04:21','','','GUARDALUPE, LORDCRIS'),(134,'SC 00721-0218','GUMAYAO','JEFFY','FIRMA','55 B GUIHO EXT. CEMBO, MAKATI CITY ','~','1986-07-21','Male','2','09387253839','34-1666398-6',7,'2019-03-21','1','4','0000-00-00','01-051077406-5','1210-8587-1414','283-486-901','~','~','~','~',1,'DRIVER','1','0000-00-00 00:00:00','1','2019-12-17 04:04:36','','','GUMAYAO, JEFFY'),(135,'M0702','TRENCIO','MALVIN','MAHILUM','817 B ESPELETA STREET, BRGY. 297, STA. CRUZ, MANILA CITY','N/A','1989-07-02','Male','1','0917 318 0702','34-2300323-8',10,'2019-03-06','1','2','0000-00-00','03-050823910-2','1210-7139-9071','414-950-910','BACHELOR OF SCIENCE IN NURSING','SUSAN MAHILUM','817 B ESPELETA STREET, BRGY. 297, STA. CRUZ, MANILA CITY','0917 530 9168',1,'M-RES SUPERVISOR','1','0000-00-00 00:00:00','1','2020-02-05 02:14:27','','','TRENCIO, MALVIN'),(136,'M0222','TRINIDAD','MA ELIZA','MARTIN-TY','1017 TACIO ST. BRGY. 512, SAMPALOC, MANILA 1015\r\n','N/A','1973-02-22','Female','3','0945 418 9408','33-1274463-7',7,'2018-07-04','3','4','0000-00-00','19-052427453-5','1210-3674-4429','901-461-125','BACHELOR OF SCIENCE IN HOTEL AND RESTAURANT MANAGEMENT','N/A','N/A','N/A',1,'BUILDING OFFICE ADMINISTRATOR','1','0000-00-00 00:00:00','1','2019-12-17 04:06:41','','','TRINIDAD, MA ELIZA'),(137,'SC 00208-0195','TUGADE','ROXXANE','CUDIAMAT','B4 LOT 36 100 STREET SILVER HOMES, BRGY. REAL II, JUSTINE VILLAGE, BACOOR CITY, CAVITE','N/A','1990-02-08','Female','1','0995 147 2409','34-1369249-7',3,'2018-02-06','1','4','0000-00-00','22-000064685-7','1211-3491-2096','435-423-689','FINISHING COURSE FOR CALL CENTER AGENT','JEADAN MARK SAMSON','B4 LOT 36 100 STREET SILVER HOMES, BRGY. REAL II, JUSTINE VILLAGE, BACOOR CITY, CAVITE','0936 447 9761',1,'MARKETING STAFF','1','0000-00-00 00:00:00','1','2020-09-02 08:26:08','','','TUGADE, ROXXANE'),(138,'SC 01029-0224','TULALIAN','ROCHELLE','CO','224 STO. DOMINGO ST. BRGY. BALINGASA, QUEZON CITY\r\n','N/A','1997-10-29','Female','1','0927 853 5512','34-7232692-4',4,'2019-05-06','1','4','0000-00-00','03-026226107-3','1212-1477-5609','745-021-862','BACHELOR OF SCIENCE IN INFORMATION TECHNOLOGY','ROWENA TULALIAN','224 STO. DOMINGO ST. BRGY. BALINGASA, QUEZON CITY','N/A',1,'OFFICE STAFF','1','0000-00-00 00:00:00','1','2020-09-11 15:12:37','','','TULALIAN, ROCHELLE'),(139,'SC 00817-0210','VILLAR','DONDE','FASERONDA','BRGY. CEMBO, MAKATI CITY','MANGOSO, SIGMA, CAPIZ','1992-08-17','Male','1','0930 2828 963','34-3949415-8',7,'2018-08-13','1','4','0000-00-00','01-051713541-6','1210-9767-0412','348-231-044','HIGH SCHOOL GRADUATE','N/A','N/A','N/A',1,'WAREHOUSE STAFF','1','0000-00-00 00:00:00','1','2019-12-17 05:20:28','','','VILLAR, DONDE'),(140,'SC 00202-0194','YTAC','ARLENE','BATUL','172. T MOLINA STREET ALABANG MUNTINLUPA\r\n','N/A','1993-02-02','Female','1','0929 957 1326','04-2384742-6',6,'2018-02-01','1','4','0000-00-00','02-050830312-3','1210-9538-3563','417-310-117','HIGH SCHOOL GRADUATE','ARNEL YTAC','172. T MOLINA STREET ALABANG MUNTINLUPA','0923 417 7318',1,'COORDINATOR','1','0000-00-00 00:00:00','1','2019-12-17 05:20:45','','','YTAC, ARLENE'),(141,'M0522','VELASCO','MAE','AGUTO','2069 BRGY. 155 ZONE 14 DAGUPAN EXT. TONDO, MANILA CITY\r\n','CANDON CITY, ILOCOS SUR','1995-05-22','Female','1','0975-419-4286','01-2574934-3',6,'2019-09-16','2','4','0000-00-00','05-250296229-9','1211-6849-6101','749-855-502','BACHELOR OF SCIENCE IN OFFICE ADMINISTRATION','ANNIE VELASCO','2069 BRGY. 155 ZONE 14 DAGUPAN EXT. TONDO, MANILA CITY','0935-298-0183',1,'OFFICE STAFF','1','0000-00-00 00:00:00','1','2020-01-17 08:14:10','','','VELASCO, MAE'),(142,'SC 00622-0232','ARELLANO','ARNEL','BERONDO','141 CAPT VILLAREAL ST CARIDAD, CAVITE CITY','N/A','1991-06-22','Male','1','09555638428','34-2019370-1',1,'2019-09-23','2','4','0000-00-00','01-050969028-1','1210-8249-5253','275-351-095','BACHELOR OF SCIENCE IN INFORMATION TECHNOLOGY','ARMANDO V. ARELLANO','141 CAPT VILLAREAL ST. CARIDAD, CAVITE CITY','09353550401',1,'IT STAFF','1','0000-00-00 00:00:00','1','2022-12-08 11:38:14','1670470694_16132cfdf56345830045.jpg','','ARELLANO, ARNEL'),(143,'C0530','TAN','COLINE YSABEL','GERNALIN','3800 B MABINI ST. DON GALO, PARAÑAQUE CITY\r\n','N/A','1998-05-30','Female','1','0949 802 7329','34-8669598-4',8,'2019-10-07','4','4','0000-00-00','01-026516555-4','1212-5773-5905','','BACHELOR OF SCIENCE IN BUSINESS ADMINISTRATION MAJOR IN MARKETING MANAGEMENT','MONICA TAN','3800 B MABINI ST. DON GALO, PARAÑAQUE CITY','0935 547 5206',1,'EXECUTIVE ASSISTANT','1','0000-00-00 00:00:00','1','2019-12-17 05:21:14','','','TAN, COLINE YSABEL'),(144,'A0801','CAPOTE','ARLENE','SALINAS','R. PAPA STREET, BRGY. 395, SAMPALOC, MANILA CITY','SAN ROQUE, ISABEL, LEYTE','1997-08-01','Female','1','0975 388 6414','06-4147174-2',10,'2019-10-14','2','4','0000-00-00','13-025508180-3','1212-2887-5644','738-829-974','BACHELOR OF SCIENCE IN INFORMATION TECHNOLOGY','MARIE CRIS CAPOTE','SAMPALOC, MANILA CITY','0917 851 5531',1,'OFFICE ADMIN STAFF','1','0000-00-00 00:00:00','1','2020-02-05 02:13:31','','','CAPOTE, ARLENE'),(153,'SC 00707-0234','ATLAS','CHARISSE','ALARCON','1026 BAYAN LUMA 9 IMUS CAVITE','1026 BAYAN LUMA 9 IMUS CAVITE','1991-07-07','Female','4','0915734238','34-1349706-1',3,'2019-11-06','2','4','0000-00-00','08-025387635-6','1211-5741-7261','290-794-255','BACHELOR OF SCIENCE TOURISM MANAGEMENT','CRISTINA ATLAS','1026 BAYAN LUMA 9 IMUS CAVITE','09652777656',1,'MARKETING STAFF','1','2019-12-23 03:11:02','1','2020-12-29 10:55:50',NULL,NULL,'ATLAS, CHARISSE'),(154,'SC19-11061','ANTIOJO','SHEENA','VALLEJOS','BLK 18 LOT 21 PASINAYA HOMES SUBD. SABANG NAIC, CAVITE','BLK 18 LOT 21 PASINAYA HOMES SUBD. SABANG NAIC, CAVITE','1998-10-01','Female','1','09473845594','34-8850008-0',5,'2019-11-06','2','4','0000-00-00','08-026655009-3','1212-6006-2827','358-322-221','BACHELOR OF ARTS IN PHILOSOPHY','CRIS MERLINDA VALLEJOS','BLK 18 LOT 21 PASINAYA HOMES SUBD. SABANG NAIC, CAVITE','09474283382',1,'OFFICE STAFF','1','2019-12-23 03:13:50','1','2020-09-11 13:25:29','',NULL,'ANTIOJO, SHEENA'),(155,'R0904','BELTRAN','RONEL','GALLIOPIN','BLK 25 LOT 20 BRGY. SAN MANUEL I, DASMARIÑAS CITY, CAVITE','N/A','1987-09-04','Male','1','09978894807','33-8969136-0',6,'2019-11-16','2','4','0000-00-00','02-050790959-1','1080-0249-5993','264-075-978','HIGH SCHOOL GRADUATE','PEARLY','BLK 25 LOT 19 BRGY. SAN MANUEL I, DASMARIÑAS CITY, CAVITE','09474239374',1,'SALES COORDINATOR','1','2019-12-23 03:26:23','1','2019-12-23 03:26:23','',NULL,'BELTRAN, RONEL'),(156,'M0412','AVISO','MARY GRACE','RODA','037 PUROK 1 BLK. 10A, LAKAS BISIG ST. BAYANAN, MUNTINLUPA CITY','AROROY MASBATE','1993-04-12','Female','1','09367990278','05-1400382-3',9,'2018-09-18','2','4','0000-00-00','1212-0052-8257','10-025297465-7','341-509-848','BACHELOR OF SCIENCE IN BUSINESS ADMINISTRATION MAJOR IN MARKETING MANAGEMENT','N/A','N/A','N/A',1,'OFFICE STAFF','1','2019-12-23 03:28:47','1','2020-02-05 02:14:42',NULL,NULL,'AVISO, MARY GRACE'),(157,'M0504','TRAJE','MIA ELENA','ELLOS','2471 AURORA ST. BRGY. 110, PASAY CITY 1300','N/A','1997-05-04','Female','1','09487052081','34-8399175-9',7,'2019-09-30','4','4','0000-00-00','1211-9943-1478','01-026476406-3','753-618-447','BACHELOR OF SCIENCE AND OFFICE ADMINISTRATION','JUSTINA E. TRAJE','PAROLA, TONDO MANILA','09303536619',1,'OFFICE STAFF','1','2019-12-23 03:39:13','1','2020-02-13 02:57:03','',NULL,'TRAJE, MIA ELENA'),(158,'SC 00924-0208','CANO','MA. CATHERINE','AMPONG','361 - D DELAS ALAS ST. PASAY CITY','ABUYOG, LEYTE','1996-09-24','Female','1','09755326995','34-7717373-2',9,'2018-07-12','1','4','0000-00-00','01-026331223-1','1212-2959-1637','348-517-517','BACHELOR OF SCIENCE IN BUSINESS ADMINISTRATION MAJOR IN MARKETING MANAGEMENT ','JEWEL ANN, CANONEO','IMUS CAVITE','09951415596',1,'EXECUTIVE ASSISTANT','1','2020-01-02 09:39:49','3','2020-09-12 13:36:35','',NULL,'CANO, MA. CATHERINE'),(159,'LL0821 - ','LINCALLO','LARGIELYN','N/A','BRGY II BANANA ISLAND SANTO TOMAS, BATANGAS 4234\r\n','BRGY II BANANA ISLAND SANTO TOMAS, BATANGAS 4234\r\n','1989-08-21','Female','2','09109333017','04-2991396-9',5,'2019-08-14','2','4','0000-00-00','08-025851367-7','1211-2876-1298','753-618-004','HIGH SCHOOL GRADUATE ','LEMUEL M. CORTEZ','BRGY II BANANA ISLAND SANTO TOMAS, BATANGAS 4234','N/A ',1,'CAAPS','1','2020-01-03 02:59:02','1','2020-11-26 13:44:23',NULL,NULL,'LINCALLO, LARGIELYN'),(162,'A0320','PEREZ','ARIANNE K','HERVIAS','SUN VALLEY, PARAÑAQUE CITY','BRGY. PUROG, POTOTAN, ILOILO','1997-03-20','Female','1','0927 856 3689','07-3681658-4',2,'2020-02-26','1','4','0000-00-00','11-025589249-5','1212-1951-5158','703-181-042','BACHELOR OF SCIENCE IN INFORMATION TECHNOLOGY','N/A','N/A','N/A',1,'OFFICE STAFF','1','2020-09-11 14:04:48','1','2020-09-11 14:04:48','',NULL,'PEREZ, ARIANNE K'),(163,'SC 00421-0237','CAASI','ARVIE','BLANCA','BLK 32 LOT 11 PHASE 2 CARISSA HOMES, BRGY. BAGTAS, TANZA, CAVITE','N/A','1996-04-21','Male','1','0961 148 7238','34-5704028-3',7,'2020-01-20','2','4','0000-00-00','03-051338227-4','1211-7497-0399','348-559-463','HIGH SCHOOL GRADUATE','ANGELINE CAASI','BLK 32 LOT 11 PHASE 2 CARISSA HOMES, BRGY. BAGTAS, TANZA, CAVITE','0927 851 7463',1,'DELIVERY HELPER','1','2020-09-12 08:18:36','1','2020-12-29 12:35:05','',NULL,'CAASI, ARVIE'),(164,'J0622','GACA','JOVET','MEDINA','F. CRUZ ST. BRGY. MALIBAY, PASAY CITY','LOOBAN STREET. BRGY. DAPAWAN, ODIONGAN, ROMBLON','1998-06-22','Male','1','0919 971 8607','04-4142441-0',3,'2020-03-06','2','4','0000-00-00','02-250272493-6','1212-3567-8637','364-246-403','BACHELOR OF SECONDARY EDUCATION MAJOR IN MAPEH','JASMINE GACA','F. CRUZ ST. BRGY. MALIBAY, PASAY CITY','0909 009 9878',1,'OFFICE STAFF','1','2020-09-12 08:20:59','1','2020-09-12 08:20:59','',NULL,'GACA, JOVET'),(165,'E0519','PARIAN','ELVIE','BUGLOSA','1911-A E. RODRIGUEZ SR. AVENUE, IMMACULATE CONCEPCION, QUEZON CITY 1111','KORONADAL CITY, SOUTH COTABATO','1997-05-19','Female','1','0932 743 4952','34-5751303-7',6,'2020-02-12','2','4','0000-00-00','03-025922479-5','1211-6548-5200','326-584-209','N/A','N/A','N/A','N/A',1,'OFFICE STAFF','1','2020-09-12 08:24:02','1','2020-09-12 08:24:02','',NULL,'PARIAN, ELVIE'),(166,'M0512','VILLANUEVA','MAY LYNNE','DESATA MANILA','218 SAN JUAN, CALAMBA CITY, LAGUNA\r\n','N/A','1984-05-12','Female','1','0933-814-6669','04-1255553-8',3,'2020-02-24','2','4','0000-00-00','08-050513488-9','1210-7676-0223','237-846-059','HIGH SCHOOL GRADUATE ','N/A','N/A','N/A',1,'MPAC','1','2020-09-12 09:43:40','1','2020-12-29 10:52:55','',NULL,'VILLANUEVA, MAY LYNNE'),(167,'R0506','MIRANDA','ROLAND JAY','TIANGCO','1135 VALMONTE ST. PAMBUAN, GAPAN, NUEVA ECIJA 3105','N/A','1991-05-06','Male','1','0975-510-3932','02-3646950-9',3,'2020-03-06','2','4','0000-00-00','01-051966939-6','1211-1674-8006','322-205-694','HIGH SCHOOL GRADUATE ','N/A','N/A','N/A',1,'MPAC','1','2020-09-12 09:45:18','1','2020-09-12 09:45:18','',NULL,'MIRANDA, ROLAND JAY'),(168,'M0115','GROSPE SR','MARC ANTHONY','CASTRO','30 VILLARTA ST. VILLAFUENTE, SAN MATEO, ISABELA 3318\r\n','N/A','1993-01-15','Male','1','0905-084-2409','01-2587136-3',3,'2020-03-06','2','4','0000-00-00','N/A','1211-7679-7637','N/A','HIGH SCHOOL GRADUATE ','N/A','N/A','N/A',1,'MPAC','1','2020-09-12 09:46:41','1','2020-09-12 09:46:41','',NULL,'GROSPE SR, MARC ANTHONY'),(169,'V1128','CELIS','VIEL AUREA','LARRACAS','BLK 6 LOT 2 MEADOW PARK, MOLINO 4, BACOOR CAVITE','~','1998-11-28','Female','1','09979374455/ 09178915180','34-8724446-0',8,'2020-08-19','2','4','0000-00-00','01-026512635-4','1212-5726-2509','721-704-434','College of Fine Arts and Design Major in Industrial Design','Noemi L. Celis ',' Blk 6 Lot 2 Meadowpark Molino 4 Bacoor Cavite','09178915180',1,'Graphic Artist','1','2020-09-12 15:26:22','1','2020-09-12 15:31:33','',NULL,'CELIS, VIEL AUREA'),(170,'L0821','LOPEZ','LEICA','EMPAYNADO','9 BAYANIHAN DRIVE, BAHAY TORO, QUEZON CITY','N/A','2026-02-14','Female','1','0919 092 7518','34-5710935-7',8,'2026-03-13','2','4','0000-00-00','03-025913880-5','1211-6461-2055','492-527-690','BACHELOR OF FINE ARTS MAJOR IN ADVERTISING ARTS','CECILIA LOPEZ','9 BAYANIHAN DRIVE, BAHAY TORO, QUEZON CITY','0927 585 9288',1,'GRAPHIC ARTIST','1','2020-11-26 13:41:35','1','2020-11-26 13:41:35','',NULL,'LOPEZ, LEICA'),(178,'id number','last name','fisrt name','middle','present','permanent','1991-06-22','Male','2','09664764952','sss',1,'2019-09-23','1','1','2022-12-06','philh','pagibg','tin','educ attain','e contacn person','e address','e cont num',1,'it','1','2022-12-06 14:26:19','1','2022-12-06 14:26:19','638ee08bd99e3.jpg',NULL,NULL),(181,'1231231','PASTRANA','AMMIEL','ALAMANI','1536 EUSEBIO ST. PANDACAN MANILA','1536 EUSEBIO ST. PANDACAN MANILA','1997-12-03','Male','1','09356454542','-',1,'2021-05-27','1','4','2022-12-07','-','-','-','COLLEGE GRADUATE','LEA IRISH','1536 EUSEBIO ST. PANDACAN MANILA','56456456456',1,'IT STAFF',NULL,'2022-12-07 10:28:59',NULL,'2022-12-07 10:28:59','1670380139_e5b05de1ea6efa9f6add.jpg',NULL,NULL),(183,'tryyyytryyyy','tryyyytryyyy','tryyyytryyyy','tryyyytryyyy','tryyyytryyyy','tryyyytryyyy','2022-12-07','Male','1','tryyyytryyyy','tryyyytryyyy',2,'2022-12-07','1','1','2022-12-07','tryyyytryyyy','tryyyytryyyy','tryyyytryyyy','tryyyytryyyy','tryyyytryyyy','tryyyytryyyy','tryyyytryyyy',2,'tryyyytryyyy',NULL,'2022-12-07 10:43:27',NULL,'2022-12-07 10:43:27','1670381007_f62efcc578f5193a39e4.jpg',NULL,NULL),(186,'trtrtrrttrrrrr','trtrtrrttrrrrr','trtrtrrttrrrrr','trtrtrrttrrrrr','trtrtrrttrrrrr','trtrtrrttrrrrr','2022-12-08','Male','1','trtrtrrttrrrrr','trtrtrrttrrrrr',1,'2022-12-01','2','3','2022-12-08','trtrtrrttrrrrr','trtrtrrttrrrrr','trtrtrrttrrrrr','trtrtrrttrrrrr','trtrtrrttrrrrr','trtrtrrttrrrrr','trtrtrrttrrrrr',1,'trtrtrrttrrrrr','1','2022-12-08 10:41:26','1','2022-12-08 10:41:26','',NULL,NULL);

/*Table structure for table `management_transaction` */

DROP TABLE IF EXISTS `management_transaction`;

CREATE TABLE `management_transaction` (
  `transaction_id` int(11) NOT NULL AUTO_INCREMENT,
  `reference_code` varchar(100) NOT NULL,
  `date` date NOT NULL,
  `transaction_type` varchar(30) NOT NULL,
  `amount` decimal(20,2) NOT NULL,
  `created_by` varchar(50) NOT NULL,
  `created_at` datetime NOT NULL,
  `updated_by` varchar(50) NOT NULL,
  `updated_at` datetime NOT NULL,
  PRIMARY KEY (`transaction_id`)
) ENGINE=InnoDB AUTO_INCREMENT=8 DEFAULT CHARSET=utf8mb4;

/*Data for the table `management_transaction` */

insert  into `management_transaction`(`transaction_id`,`reference_code`,`date`,`transaction_type`,`amount`,`created_by`,`created_at`,`updated_by`,`updated_at`) values (1,'REF 0000111','2022-12-13','Cash Out','9000.00','1','2023-02-03 14:18:08','1','2023-02-03 14:18:12'),(3,'REF 2022-00002','2022-12-12','Cash In','5000.00','1','2022-12-14 15:53:12','1','2022-12-14 15:53:12'),(4,'REF 00003','2022-12-14','Cash In','500.00','1','2022-12-15 08:21:33','1','2022-12-15 08:21:33'),(5,'Ref-00000066','2022-12-20','Cash Out','3500.00','1','2022-12-22 13:45:28','1','2022-12-22 13:45:56'),(6,'RF-000002','2023-02-02','Cash In','1000.00','1','2023-02-02 15:46:18','1','2023-02-02 15:46:18');

/*Table structure for table `module` */

DROP TABLE IF EXISTS `module`;

CREATE TABLE `module` (
  `module_id` int(11) NOT NULL AUTO_INCREMENT,
  `module_name` varchar(255) NOT NULL,
  `controller_name` varchar(200) DEFAULT NULL,
  `fa_icon` varchar(100) NOT NULL,
  `sort_order` tinyint(4) NOT NULL,
  PRIMARY KEY (`module_id`)
) ENGINE=InnoDB AUTO_INCREMENT=14 DEFAULT CHARSET=latin1;

/*Data for the table `module` */

insert  into `module`(`module_id`,`module_name`,`controller_name`,`fa_icon`,`sort_order`) values (1,'Users','Users','fa-user',96),(2,'Role & Permissions','Roles','fa-book',97),(3,'Settings','Settings','fa-cogs',98),(4,'Backup & Export',NULL,'fa-database',99),(5,'Company',NULL,'fa-building',5),(6,'Department',NULL,'fa-users',6),(7,'Employee',NULL,'fa-address-card',7),(8,'Account',NULL,'fa-university',8),(9,'Planta',NULL,'fa-truck',9),(10,'Requester',NULL,'fa-user',10),(11,'Management',NULL,'fa-credit-card',2),(12,'Petty Cash',NULL,'fa-money-bill-wave',3),(13,'Cash Voucher',NULL,'fa-newspaper',1);

/*Table structure for table `module_access` */

DROP TABLE IF EXISTS `module_access`;

CREATE TABLE `module_access` (
  `id` int(11) NOT NULL AUTO_INCREMENT,
  `user_role` int(5) NOT NULL,
  `module_id` int(5) NOT NULL,
  `sub_module_id` int(5) DEFAULT NULL,
  `operation` varchar(50) NOT NULL,
  PRIMARY KEY (`id`),
  KEY `RoleId` (`user_role`),
  KEY `FK-Module` (`module_id`),
  KEY `FK-SubModule` (`sub_module_id`),
  CONSTRAINT `FK-Module` FOREIGN KEY (`module_id`) REFERENCES `module` (`module_id`) ON DELETE CASCADE ON UPDATE CASCADE,
  CONSTRAINT `FK-Roles` FOREIGN KEY (`user_role`) REFERENCES `user_roles` (`user_roles_id`) ON DELETE CASCADE ON UPDATE CASCADE,
  CONSTRAINT `FK-SubModule` FOREIGN KEY (`sub_module_id`) REFERENCES `sub_module` (`sub_module_id`) ON DELETE CASCADE ON UPDATE CASCADE
) ENGINE=InnoDB AUTO_INCREMENT=133 DEFAULT CHARSET=latin1;

/*Data for the table `module_access` */

insert  into `module_access`(`id`,`user_role`,`module_id`,`sub_module_id`,`operation`) values (20,1,1,1,'access'),(27,1,3,5,'access'),(28,1,3,4,'access'),(56,1,2,2,'access'),(59,1,2,3,'access'),(61,1,1,1,'change_status'),(62,1,1,1,'add'),(64,1,1,1,'delete'),(68,2,1,1,'access'),(69,1,1,1,'verify_account'),(70,1,1,1,'edit'),(71,1,4,6,'access'),(72,1,5,7,'access'),(73,1,5,7,'add'),(74,1,5,7,'edit'),(75,1,5,7,'delete'),(76,1,6,8,'access'),(77,1,6,8,'add'),(78,1,6,8,'edit'),(79,1,6,8,'delete'),(80,1,7,9,'access'),(93,1,7,9,'add'),(95,1,7,9,'delete'),(96,1,7,9,'view'),(97,1,7,9,'edit'),(98,1,8,10,'add'),(99,1,8,10,'edit'),(100,1,8,10,'delete'),(101,1,8,10,'access'),(102,1,9,11,'access'),(103,1,9,11,'add'),(104,1,9,11,'edit'),(105,1,9,11,'delete'),(106,1,10,12,'access'),(107,1,10,12,'add'),(108,1,10,12,'edit'),(109,1,10,12,'delete'),(110,1,11,13,'access'),(111,1,11,13,'delete'),(112,1,11,13,'add'),(113,1,11,13,'edit'),(114,1,11,13,'view'),(115,1,12,14,'access'),(123,1,12,14,'view'),(124,1,12,14,'add'),(125,1,12,14,'edit'),(126,1,12,14,'delete'),(127,1,13,15,'access'),(129,1,13,15,'add'),(130,1,13,15,'edit'),(131,1,13,15,'view'),(132,1,13,15,'delete');

/*Table structure for table `petty_cash` */

DROP TABLE IF EXISTS `petty_cash`;

CREATE TABLE `petty_cash` (
  `petty_cash_id` int(11) NOT NULL,
  `reference_code` varchar(50) NOT NULL,
  `date` datetime NOT NULL,
  `transaction_type` varchar(20) NOT NULL,
  `amount` decimal(20,2) NOT NULL,
  `record_type` varchar(20) NOT NULL,
  `created_by` varchar(80) NOT NULL,
  `created_at` datetime NOT NULL,
  `updated_by` varchar(80) NOT NULL,
  `updated_at` datetime NOT NULL,
  PRIMARY KEY (`petty_cash_id`)
) ENGINE=InnoDB DEFAULT CHARSET=utf8mb4;

/*Data for the table `petty_cash` */

insert  into `petty_cash`(`petty_cash_id`,`reference_code`,`date`,`transaction_type`,`amount`,`record_type`,`created_by`,`created_at`,`updated_by`,`updated_at`) values (1,'REF 00001','2022-12-14 00:00:00','Cash Out','1000.00','Planta','1','2023-02-03 13:58:10','1','2023-02-03 13:58:19');

/*Table structure for table `planta` */

DROP TABLE IF EXISTS `planta`;

CREATE TABLE `planta` (
  `planta_id` int(11) NOT NULL AUTO_INCREMENT,
  `planta` varchar(50) DEFAULT NULL,
  KEY `planta_id` (`planta_id`)
) ENGINE=InnoDB AUTO_INCREMENT=6 DEFAULT CHARSET=utf8mb4;

/*Data for the table `planta` */

insert  into `planta`(`planta_id`,`planta`) values (1,'VANCOUVER'),(2,'CALIFORNIA'),(3,'DISNEY'),(4,'RICHMOND'),(5,'HAWAII');

/*Table structure for table `requester` */

DROP TABLE IF EXISTS `requester`;

CREATE TABLE `requester` (
  `requester_id` int(11) NOT NULL AUTO_INCREMENT,
  `requester_name` varchar(100) NOT NULL,
  `requester_type` varchar(30) NOT NULL,
  `department` varchar(30) NOT NULL,
  PRIMARY KEY (`requester_id`)
) ENGINE=InnoDB AUTO_INCREMENT=3 DEFAULT CHARSET=utf8mb4;

/*Data for the table `requester` */

insert  into `requester`(`requester_id`,`requester_name`,`requester_type`,`department`) values (1,'Arnel Arellano','Buendia','Admin IT'),(2,'Ammiel Pastrana','Planta','California');

/*Table structure for table `sub_module` */

DROP TABLE IF EXISTS `sub_module`;

CREATE TABLE `sub_module` (
  `sub_module_id` int(11) NOT NULL AUTO_INCREMENT,
  `module_id` int(11) NOT NULL,
  `sub_module_name` varchar(255) NOT NULL,
  `link` varchar(255) NOT NULL,
  `sort_order` int(11) NOT NULL,
  `operation` text DEFAULT NULL,
  PRIMARY KEY (`sub_module_id`),
  KEY `Parent Module ID` (`module_id`),
  CONSTRAINT `FK-Module-ID` FOREIGN KEY (`module_id`) REFERENCES `module` (`module_id`) ON DELETE CASCADE ON UPDATE CASCADE
) ENGINE=InnoDB AUTO_INCREMENT=16 DEFAULT CHARSET=latin1;

/*Data for the table `sub_module` */

insert  into `sub_module`(`sub_module_id`,`module_id`,`sub_module_name`,`link`,`sort_order`,`operation`) values (1,1,'Users List','users_index',1,'access|add|edit|delete|change_status|verify_account'),(2,2,'Module Setting','module_index',1,'access'),(3,2,'Roles & Permissions','roles_index',1,'access'),(4,3,'General Settings','settings_index',1,'access'),(5,3,'Email Template Settings','email_index',1,'access'),(6,4,'Backup Database','db_index',1,'access'),(7,5,'Company List','company_index',1,'access|add|edit|delete'),(8,6,'Department List','department_index',1,'access|add|edit|delete'),(9,7,'Employee List','employee_index',1,'access|view|add|edit|delete'),(10,8,'Account Title List','account_index',1,'access|add|edit|delete'),(11,9,'Planta List','planta_index',1,'access|add|edit|delete'),(12,10,'Requster List','requester_index',1,'access|add|edit|delete'),(13,11,'Mgmt Transaction ','management_transaction_index',1,'access|add|edit|view|delete'),(14,12,'Petty Cash Transaction','petty_cash_index',1,'access|view|add|edit|delete'),(15,13,'Cash Voucher List','cash_voucher_index',1,'access|add|edit|view|delete');

/*Table structure for table `user_roles` */

DROP TABLE IF EXISTS `user_roles`;

CREATE TABLE `user_roles` (
  `user_roles_id` int(11) NOT NULL AUTO_INCREMENT,
  `roles` varchar(50) CHARACTER SET utf8 NOT NULL,
  `created_by` int(1) NOT NULL,
  `created_at` datetime NOT NULL,
  `updated_by` int(11) NOT NULL,
  `updated_at` datetime NOT NULL,
  PRIMARY KEY (`user_roles_id`)
) ENGINE=InnoDB AUTO_INCREMENT=19 DEFAULT CHARSET=latin1;

/*Data for the table `user_roles` */

insert  into `user_roles`(`user_roles_id`,`roles`,`created_by`,`created_at`,`updated_by`,`updated_at`) values (1,'Admin',0,'2018-03-15 12:48:04',0,'2018-03-17 12:53:16'),(2,'User',0,'2018-03-15 12:53:19',0,'2019-01-26 08:27:34'),(3,'Accountant',0,'2018-03-15 01:46:54',0,'2019-01-26 02:17:38'),(4,'Operator',0,'2018-03-16 05:52:45',0,'2019-01-26 02:17:52'),(5,'Marketing',0,'2022-02-16 08:32:16',0,'2022-02-16 08:32:36');

/*!40101 SET SQL_MODE=@OLD_SQL_MODE */;
/*!40014 SET FOREIGN_KEY_CHECKS=@OLD_FOREIGN_KEY_CHECKS */;
/*!40014 SET UNIQUE_CHECKS=@OLD_UNIQUE_CHECKS */;
/*!40111 SET SQL_NOTES=@OLD_SQL_NOTES */;
